url,locale,title,title_length,h1,h1_count,h2,meta_description,meta_length,canonical,hreflang_count,html_lang,issues
https://www.ddnzglobal.com/sourcing/audio-speakers-from-china/,en,Audio & Speaker Sourcing from China | DDNZ Global,49,Source speakers from China. Build a range buyers can compare.,1,"[""Start with the retail role. Then choose the model."", ""Turn catalogue claims into one comparable control file."", ""Listening matters. A repeatable record matters more."", ""See the checkpoint each factory clip actually documents."", ""Each image should verify one buying decision."", ""Compare specification completeness before negotiating price."", ""Define the range you want to build."", ""Wholesale Bluetooth speakers from China for online sellers"", ""Finding the cheapest suitable Bluetooth party speaker supplier in China""]","Source portable, party and specialty speakers from China with exact-model comparison, sample approval, production evidence and export release control.",150,https://www.ddnzglobal.com/sourcing/audio-speakers-from-china/,9,en,[]
https://www.ddnzglobal.com/sourcing/audio-speakers-from-china/headphones-earbuds/,en,Wholesale Headphones & Earbuds from China,41,Wholesale Headphones & Earbuds from China,1,"[""Product configurations to source"", ""Build your order"", ""Compare before ordering"", ""Sample approval checklist"", ""Packaging and private label"", ""Plan the delivered cost"", ""Prepare the order for your selling channel"", ""Buyer questions"", ""Build a comparable quotation"", ""Explore another audio category""]","Source TWS earbuds, over-ear headphones and gaming headsets from China for accessory retailers, private-label brands and Amazon sellers. Compare fit,…",150,https://www.ddnzglobal.com/sourcing/audio-speakers-from-china/headphones-earbuds/,9,en,[]
https://www.ddnzglobal.com/sourcing/audio-speakers-from-china/desktop-pc-speakers/,en,Wholesale Desktop & PC Speakers from China,42,Wholesale Desktop & PC Speakers from China,1,"[""Product configurations to source"", ""Build your order"", ""Compare before ordering"", ""Sample approval checklist"", ""Packaging and private label"", ""Plan the delivered cost"", ""Prepare the order for your selling channel"", ""Buyer questions"", ""Build a comparable quotation"", ""Explore another audio category""]","Buy USB desktop speakers, compact PC soundbars and active stereo pairs from China for computer shops and online sellers. Select by desk space, connection…",154,https://www.ddnzglobal.com/sourcing/audio-speakers-from-china/desktop-pc-speakers/,9,en,[]
https://www.ddnzglobal.com/sourcing/audio-speakers-from-china/portable-outdoor-speakers/,en,Wholesale Portable Bluetooth Speakers from China,48,Wholesale Portable Bluetooth Speakers from China,1,"[""Product configurations to source"", ""Build your order"", ""Compare before ordering"", ""Sample approval checklist"", ""Packaging and private label"", ""Plan the delivered cost"", ""Prepare the order for your selling channel"", ""Buyer questions"", ""Build a comparable quotation"", ""Explore another audio category""]","Source portable Bluetooth speakers from China for travel, outdoor and gift retail. Compare compact entry models, carrying-handle boomboxes and shower…",150,https://www.ddnzglobal.com/sourcing/audio-speakers-from-china/portable-outdoor-speakers/,9,en,[]
https://www.ddnzglobal.com/sourcing/audio-speakers-from-china/party-karaoke-speakers/,en,Wholesale Party & Karaoke Speakers from China,45,Wholesale Party & Karaoke Speakers from China,1,"[""Product configurations to source"", ""Build your order"", ""Compare before ordering"", ""Sample approval checklist"", ""Packaging and private label"", ""Plan the delivered cost"", ""Prepare the order for your selling channel"", ""Buyer questions"", ""Build a comparable quotation"", ""Explore another audio category""]","Buy party speakers and karaoke sets from China for entertainment retailers, Noon and Jumia sellers. Compare compact dual-microphone gifts with larger…",150,https://www.ddnzglobal.com/sourcing/audio-speakers-from-china/party-karaoke-speakers/,9,en,[]
https://www.ddnzglobal.com/sourcing/audio-speakers-from-china/home-hifi-bookshelf-speakers/,en,Source Home Hi-Fi & Bookshelf Speakers from China,49,Source Home Hi-Fi & Bookshelf Speakers from China,1,"[""Product configurations to source"", ""Build your order"", ""Compare before ordering"", ""Sample approval checklist"", ""Packaging and private label"", ""Plan the delivered cost"", ""Prepare the order for your selling channel"", ""Buyer questions"", ""Build a comparable quotation"", ""Explore another audio category""]","Source active bookshelf speakers and home stereo systems from China for specialist retailers and lifestyle stores. Compare input compatibility, enclosure…",154,https://www.ddnzglobal.com/sourcing/audio-speakers-from-china/home-hifi-bookshelf-speakers/,9,en,[]
https://www.ddnzglobal.com/zh-cn/sourcing/audio-speakers-from-china/,zh-cn,从中国采购音响与扬声器 | DDNZ,18,从中国采购音响与扬声器,1,"[""采购品类"", ""从中国批发采购适合电商卖家的蓝牙音箱"", ""报价比较"", ""审批记录"", ""生产与功能记录"", ""采购常见问题"", ""准备采购需求"", ""怎样寻找价格更低、配置合适的中国蓝牙派对音箱供应商？""]",围绕使用场景、额定输出、供电、电池、附件与零售包装采购中国扬声器，让供应商报价、认可样品和出货配置采用同一依据。,56,https://www.ddnzglobal.com/zh-cn/sourcing/audio-speakers-from-china/,9,zh-CN,[]
https://www.ddnzglobal.com/zh-cn/sourcing/audio-speakers-from-china/headphones-earbuds/,zh-cn,从中国批发采购耳机与无线耳塞,14,从中国批发采购耳机与无线耳塞,1,"[""可采购的产品配置"", ""配置采购组合"", ""下单前的选型对比"", ""样品认可检查清单"", ""包装与自有品牌"", ""核算交付成本"", ""按销售渠道准备订单"", ""采购问答"", ""形成可比较的询价"", ""查看其他音频分类""]",为配件零售商、自有品牌及 Amazon 卖家从中国采购 TWS 耳塞、头戴式耳机和游戏耳麦。先比较佩戴、通话和充电，再确定首批组合。,66,https://www.ddnzglobal.com/zh-cn/sourcing/audio-speakers-from-china/headphones-earbuds/,9,zh-CN,[]
https://www.ddnzglobal.com/zh-cn/sourcing/audio-speakers-from-china/desktop-pc-speakers/,zh-cn,从中国批发采购桌面与电脑音箱,14,从中国批发采购桌面与电脑音箱,1,"[""可采购的产品配置"", ""配置采购组合"", ""下单前的选型对比"", ""样品认可检查清单"", ""包装与自有品牌"", ""核算交付成本"", ""按销售渠道准备订单"", ""采购问答"", ""形成可比较的询价"", ""查看其他音频分类""]",为电脑店和电商卖家从中国采购 USB 桌面音箱、小型电脑条形音箱和有源立体声套装。按桌面空间、接口与零售包装成本选型。,59,https://www.ddnzglobal.com/zh-cn/sourcing/audio-speakers-from-china/desktop-pc-speakers/,9,zh-CN,[]
https://www.ddnzglobal.com/zh-cn/sourcing/audio-speakers-from-china/portable-outdoor-speakers/,zh-cn,从中国批发采购便携蓝牙与户外音箱,16,从中国批发采购便携蓝牙与户外音箱,1,"[""可采购的产品配置"", ""配置采购组合"", ""下单前的选型对比"", ""样品认可检查清单"", ""包装与自有品牌"", ""核算交付成本"", ""按销售渠道准备订单"", ""采购问答"", ""形成可比较的询价"", ""查看其他音频分类""]",为旅行、户外及礼品零售从中国采购便携蓝牙音箱。按用途和包装重量比较入门迷你款、提手音箱与淋浴音箱。,49,https://www.ddnzglobal.com/zh-cn/sourcing/audio-speakers-from-china/portable-outdoor-speakers/,9,zh-CN,[]
https://www.ddnzglobal.com/zh-cn/sourcing/audio-speakers-from-china/party-karaoke-speakers/,zh-cn,从中国批发采购派对与卡拉 OK 音箱,18,从中国批发采购派对与卡拉 OK 音箱,1,"[""可采购的产品配置"", ""配置采购组合"", ""下单前的选型对比"", ""样品认可检查清单"", ""包装与自有品牌"", ""核算交付成本"", ""按销售渠道准备订单"", ""采购问答"", ""形成可比较的询价"", ""查看其他音频分类""]",为娱乐零售及 Noon、Jumia 卖家从中国批发采购派对音箱和卡拉 OK 套装。以额定功率和完整配件清单比较双麦礼品款与大型活动款。,67,https://www.ddnzglobal.com/zh-cn/sourcing/audio-speakers-from-china/party-karaoke-speakers/,9,zh-CN,[]
https://www.ddnzglobal.com/zh-cn/sourcing/audio-speakers-from-china/home-hifi-bookshelf-speakers/,zh-cn,从中国采购家用 Hi-Fi 与书架音箱,19,从中国采购家用 Hi-Fi 与书架音箱,1,"[""可采购的产品配置"", ""配置采购组合"", ""下单前的选型对比"", ""样品认可检查清单"", ""包装与自有品牌"", ""核算交付成本"", ""按销售渠道准备订单"", ""采购问答"", ""形成可比较的询价"", ""查看其他音频分类""]",为专业零售商和生活方式门店从中国采购有源书架音箱与家用立体声系统。按输入兼容、箱体做工和样品试听选型，不仅依赖“高级”标签。,62,https://www.ddnzglobal.com/zh-cn/sourcing/audio-speakers-from-china/home-hifi-bookshelf-speakers/,9,zh-CN,[]
https://www.ddnzglobal.com/es/sourcing/audio-speakers-from-china/,es,Compre altavoces y equipos de audio de China | DDNZ,51,Compre altavoces y equipos de audio de China,1,"[""Categorías de compra"", ""Altavoces Bluetooth al por mayor de China para vendedores online"", ""Comparación de ofertas"", ""Registro de aprobación"", ""Registros de producción y funciones"", ""Preguntas de compra"", ""Prepare su solicitud"", ""Cómo encontrar proveedores económicos de altavoces Bluetooth para fiestas en China""]","Organice la compra de altavoces de China por uso, potencia declarada, alimentación, batería, accesorios y embalaje. Mantenga alineadas oferta, muestra…",151,https://www.ddnzglobal.com/es/sourcing/audio-speakers-from-china/,9,es,[]
https://www.ddnzglobal.com/es/sourcing/audio-speakers-from-china/headphones-earbuds/,es,Compre auriculares y audífonos al por mayor de China,52,Compre auriculares y audífonos al por mayor de China,1,"[""Configuraciones para abastecimiento"", ""Configurar el pedido"", ""Comparar antes de comprar"", ""Lista de aprobación de muestras"", ""Embalaje y marca propia"", ""Calcular el coste de entrega"", ""Preparar el pedido para su canal"", ""Preguntas de compra"", ""Preparar presupuestos comparables"", ""Otras categorías de audio""]","Para tiendas de accesorios, marcas propias y vendedores Amazon: compare ajuste, llamadas y carga antes de elegir TWS, diadema o gaming.",135,https://www.ddnzglobal.com/es/sourcing/audio-speakers-from-china/headphones-earbuds/,9,es,[]
https://www.ddnzglobal.com/es/sourcing/audio-speakers-from-china/desktop-pc-speakers/,es,Compre altavoces de PC al por mayor de China,44,Compre altavoces de PC al por mayor de China,1,"[""Configuraciones para abastecimiento"", ""Configurar el pedido"", ""Comparar antes de comprar"", ""Lista de aprobación de muestras"", ""Embalaje y marca propia"", ""Calcular el coste de entrega"", ""Preparar el pedido para su canal"", ""Preguntas de compra"", ""Preparar presupuestos comparables"", ""Otras categorías de audio""]","Para tiendas informáticas y vendedores online: compare pares USB, barras compactas y conjuntos activos según espacio, puertos y embalaje.",137,https://www.ddnzglobal.com/es/sourcing/audio-speakers-from-china/desktop-pc-speakers/,9,es,[]
https://www.ddnzglobal.com/es/sourcing/audio-speakers-from-china/portable-outdoor-speakers/,es,Compre altavoces Bluetooth portátiles de China,46,Compre altavoces Bluetooth portátiles de China,1,"[""Configuraciones para abastecimiento"", ""Configurar el pedido"", ""Comparar antes de comprar"", ""Lista de aprobación de muestras"", ""Embalaje y marca propia"", ""Calcular el coste de entrega"", ""Preparar el pedido para su canal"", ""Preguntas de compra"", ""Preparar presupuestos comparables"", ""Otras categorías de audio""]","Para viajes y regalos: compare modelos mini, boombox y ducha por autonomía, peso embalado y uso previsto.",105,https://www.ddnzglobal.com/es/sourcing/audio-speakers-from-china/portable-outdoor-speakers/,9,es,[]
https://www.ddnzglobal.com/es/sourcing/audio-speakers-from-china/party-karaoke-speakers/,es,Compre altavoces de fiesta y karaoke de China,45,Compre altavoces de fiesta y karaoke de China,1,"[""Configuraciones para abastecimiento"", ""Configurar el pedido"", ""Comparar antes de comprar"", ""Lista de aprobación de muestras"", ""Embalaje y marca propia"", ""Calcular el coste de entrega"", ""Preparar el pedido para su canal"", ""Preguntas de compra"", ""Preparar presupuestos comparables"", ""Otras categorías de audio""]","Para comercios, Noon y Jumia: compare regalos de dos micrófonos y equipos grandes por potencia nominal y accesorios.",116,https://www.ddnzglobal.com/es/sourcing/audio-speakers-from-china/party-karaoke-speakers/,9,es,[]
https://www.ddnzglobal.com/es/sourcing/audio-speakers-from-china/home-hifi-bookshelf-speakers/,es,Compre sistemas Hi-Fi y altavoces de estantería de China,56,Compre sistemas Hi-Fi y altavoces de estantería de China,1,"[""Configuraciones para abastecimiento"", ""Configurar el pedido"", ""Comparar antes de comprar"", ""Lista de aprobación de muestras"", ""Embalaje y marca propia"", ""Calcular el coste de entrega"", ""Preparar el pedido para su canal"", ""Preguntas de compra"", ""Preparar presupuestos comparables"", ""Otras categorías de audio""]","Para tiendas especializadas: compare entradas, acabados y escucha de muestras; una etiqueta premium no sustituye la validación.",127,https://www.ddnzglobal.com/es/sourcing/audio-speakers-from-china/home-hifi-bookshelf-speakers/,9,es,[]
https://www.ddnzglobal.com/ar/sourcing/audio-speakers-from-china/,ar,شراء مكبرات الصوت والمعدات الصوتية من الصين | DDNZ,50,شراء مكبرات الصوت والمعدات الصوتية من الصين,1,"[""فئات الشراء"", ""شراء سماعات بلوتوث بالجملة من الصين لبائعي التجارة الإلكترونية"", ""مقارنة العروض"", ""سجل الموافقة"", ""سجلات الإنتاج والوظائف"", ""أسئلة الشراء"", ""جهّز طلب التوريد"", ""البحث عن مورد سماعات حفلات بلوتوث اقتصادية من الصين""]",نظّم توريد مكبرات الصوت من الصين حسب الاستخدام والقدرة المعلنة والطاقة والبطارية والملحقات والتغليف. اربط العرض والعينة المعتمدة والتجهيز المشحون بمرجع…,152,https://www.ddnzglobal.com/ar/sourcing/audio-speakers-from-china/,9,ar,[]
https://www.ddnzglobal.com/ar/sourcing/audio-speakers-from-china/headphones-earbuds/,ar,شراء سماعات الرأس والأذن بالجملة من الصين,41,شراء سماعات الرأس والأذن بالجملة من الصين,1,"[""تكوينات يمكن توريدها"", ""كوّن طلبك"", ""قارن قبل الطلب"", ""قائمة اعتماد العينات"", ""التغليف والعلامة الخاصة"", ""خطط لتكلفة التسليم"", ""جهز الطلب لقناة البيع"", ""أسئلة الشراء"", ""جهز عروض أسعار قابلة للمقارنة"", ""فئات صوت أخرى""]",للمتاجر والعلامات الخاصة وبائعي Amazon: قارن الراحة والمكالمات والشحن قبل اختيار TWS وسماعات الرأس والألعاب.,108,https://www.ddnzglobal.com/ar/sourcing/audio-speakers-from-china/headphones-earbuds/,9,ar,[]
https://www.ddnzglobal.com/ar/sourcing/audio-speakers-from-china/desktop-pc-speakers/,ar,شراء سماعات الكمبيوتر بالجملة من الصين,38,شراء سماعات الكمبيوتر بالجملة من الصين,1,"[""تكوينات يمكن توريدها"", ""كوّن طلبك"", ""قارن قبل الطلب"", ""قائمة اعتماد العينات"", ""التغليف والعلامة الخاصة"", ""خطط لتكلفة التسليم"", ""جهز الطلب لقناة البيع"", ""أسئلة الشراء"", ""جهز عروض أسعار قابلة للمقارنة"", ""فئات صوت أخرى""]",لمتاجر الكمبيوتر: قارن أزواج USB والسماعات الشريطية والأنظمة النشطة حسب المساحة والمنافذ والتغليف.,98,https://www.ddnzglobal.com/ar/sourcing/audio-speakers-from-china/desktop-pc-speakers/,9,ar,[]
https://www.ddnzglobal.com/ar/sourcing/audio-speakers-from-china/portable-outdoor-speakers/,ar,شراء سماعات بلوتوث محمولة من الصين,34,شراء سماعات بلوتوث محمولة من الصين,1,"[""تكوينات يمكن توريدها"", ""كوّن طلبك"", ""قارن قبل الطلب"", ""قائمة اعتماد العينات"", ""التغليف والعلامة الخاصة"", ""خطط لتكلفة التسليم"", ""جهز الطلب لقناة البيع"", ""أسئلة الشراء"", ""جهز عروض أسعار قابلة للمقارنة"", ""فئات صوت أخرى""]",للسفر والهدايا: قارن الصغيرة والمحمولة وسماعات الاستحمام حسب مدة التشغيل ووزن العبوة والاستخدام.,96,https://www.ddnzglobal.com/ar/sourcing/audio-speakers-from-china/portable-outdoor-speakers/,9,ar,[]
https://www.ddnzglobal.com/ar/sourcing/audio-speakers-from-china/party-karaoke-speakers/,ar,شراء سماعات الحفلات والكاريوكي من الصين,39,شراء سماعات الحفلات والكاريوكي من الصين,1,"[""تكوينات يمكن توريدها"", ""كوّن طلبك"", ""قارن قبل الطلب"", ""قائمة اعتماد العينات"", ""التغليف والعلامة الخاصة"", ""خطط لتكلفة التسليم"", ""جهز الطلب لقناة البيع"", ""أسئلة الشراء"", ""جهز عروض أسعار قابلة للمقارنة"", ""فئات صوت أخرى""]",للتجزئة وNoon وJumia: قارن أطقم الميكروفونين والموديلات الكبيرة حسب القدرة الاسمية والملحقات.,93,https://www.ddnzglobal.com/ar/sourcing/audio-speakers-from-china/party-karaoke-speakers/,9,ar,[]
https://www.ddnzglobal.com/ar/sourcing/audio-speakers-from-china/home-hifi-bookshelf-speakers/,ar,شراء أنظمة Hi-Fi وسماعات رفوف من الصين,38,شراء أنظمة Hi-Fi وسماعات رفوف من الصين,1,"[""تكوينات يمكن توريدها"", ""كوّن طلبك"", ""قارن قبل الطلب"", ""قائمة اعتماد العينات"", ""التغليف والعلامة الخاصة"", ""خطط لتكلفة التسليم"", ""جهز الطلب لقناة البيع"", ""أسئلة الشراء"", ""جهز عروض أسعار قابلة للمقارنة"", ""فئات صوت أخرى""]",للمتاجر المتخصصة: قارن المداخل والتشطيب والاستماع للعينات؛ وصف فاخر لا يغني عن الاختبار.,88,https://www.ddnzglobal.com/ar/sourcing/audio-speakers-from-china/home-hifi-bookshelf-speakers/,9,ar,[]
https://www.ddnzglobal.com/ru/sourcing/audio-speakers-from-china/,ru,Купить колонки и аудиооборудование из Китая | DDNZ,50,Купить колонки и аудиооборудование из Китая,1,"[""Категории закупок"", ""Оптовая закупка Bluetooth-колонок из Китая для онлайн-продавцов"", ""Сравнение предложений"", ""Запись согласования"", ""Записи производства и функций"", ""Вопросы о закупках"", ""Подготовьте запрос на закупку"", ""Как найти недорогого поставщика Bluetooth-колонок для вечеринок в Китае?""]","Организуйте закупку колонок из Китая по назначению, заявленной мощности, питанию, батарее, аксессуарам и упаковке. Согласуйте предложение, утверждённый…",152,https://www.ddnzglobal.com/ru/sourcing/audio-speakers-from-china/,9,ru,[]
https://www.ddnzglobal.com/ru/sourcing/audio-speakers-from-china/headphones-earbuds/,ru,Купить наушники оптом из Китая,30,Купить наушники оптом из Китая,1,"[""Конфигурации для закупки"", ""Составить заказ"", ""Сравните перед заказом"", ""Проверка перед утверждением образца"", ""Упаковка и собственная марка"", ""Рассчитайте стоимость доставки"", ""Подготовка заказа для вашего канала"", ""Вопросы закупки"", ""Подготовьте сопоставимые предложения"", ""Другие категории аудио""]","Для магазинов, собственных марок и Amazon: сравните посадку, звонки и зарядку перед выбором TWS, полноразмерных и игровых моделей.",130,https://www.ddnzglobal.com/ru/sourcing/audio-speakers-from-china/headphones-earbuds/,9,ru,[]
https://www.ddnzglobal.com/ru/sourcing/audio-speakers-from-china/desktop-pc-speakers/,ru,Купить компьютерные колонки оптом из Китая,42,Купить компьютерные колонки оптом из Китая,1,"[""Конфигурации для закупки"", ""Составить заказ"", ""Сравните перед заказом"", ""Проверка перед утверждением образца"", ""Упаковка и собственная марка"", ""Рассчитайте стоимость доставки"", ""Подготовка заказа для вашего канала"", ""Вопросы закупки"", ""Подготовьте сопоставимые предложения"", ""Другие категории аудио""]","Для компьютерных магазинов: сравните USB-пары, компактные саундбары и активные комплекты по месту, разъёмам и упаковке.",119,https://www.ddnzglobal.com/ru/sourcing/audio-speakers-from-china/desktop-pc-speakers/,9,ru,[]
https://www.ddnzglobal.com/ru/sourcing/audio-speakers-from-china/portable-outdoor-speakers/,ru,Купить портативные Bluetooth-колонки из Китая,45,Купить портативные Bluetooth-колонки из Китая,1,"[""Конфигурации для закупки"", ""Составить заказ"", ""Сравните перед заказом"", ""Проверка перед утверждением образца"", ""Упаковка и собственная марка"", ""Рассчитайте стоимость доставки"", ""Подготовка заказа для вашего канала"", ""Вопросы закупки"", ""Подготовьте сопоставимые предложения"", ""Другие категории аудио""]","Для поездок и подарков: сравните мини, бумбоксы и модели для душа по автономности, весу упаковки и назначению.",110,https://www.ddnzglobal.com/ru/sourcing/audio-speakers-from-china/portable-outdoor-speakers/,9,ru,[]
https://www.ddnzglobal.com/ru/sourcing/audio-speakers-from-china/party-karaoke-speakers/,ru,Купить колонки для вечеринок и караоке из Китая,47,Купить колонки для вечеринок и караоке из Китая,1,"[""Конфигурации для закупки"", ""Составить заказ"", ""Сравните перед заказом"", ""Проверка перед утверждением образца"", ""Упаковка и собственная марка"", ""Рассчитайте стоимость доставки"", ""Подготовка заказа для вашего канала"", ""Вопросы закупки"", ""Подготовьте сопоставимые предложения"", ""Другие категории аудио""]","Для розницы, Noon и Jumia: сравните наборы с двумя микрофонами и крупные модели по номинальной мощности и аксессуарам.",118,https://www.ddnzglobal.com/ru/sourcing/audio-speakers-from-china/party-karaoke-speakers/,9,ru,[]
https://www.ddnzglobal.com/ru/sourcing/audio-speakers-from-china/home-hifi-bookshelf-speakers/,ru,Купить домашний Hi-Fi и полочные колонки из Китая,49,Купить домашний Hi-Fi и полочные колонки из Китая,1,"[""Конфигурации для закупки"", ""Составить заказ"", ""Сравните перед заказом"", ""Проверка перед утверждением образца"", ""Упаковка и собственная марка"", ""Рассчитайте стоимость доставки"", ""Подготовка заказа для вашего канала"", ""Вопросы закупки"", ""Подготовьте сопоставимые предложения"", ""Другие категории аудио""]","Для специализированных магазинов: сравните входы, отделку и звучание образцов; слово «премиум» не заменяет проверку.",116,https://www.ddnzglobal.com/ru/sourcing/audio-speakers-from-china/home-hifi-bookshelf-speakers/,9,ru,[]
https://www.ddnzglobal.com/fr/sourcing/audio-speakers-from-china/,fr,Achetez des enceintes et équipements audio en Chine | DDNZ,58,Achetez des enceintes et équipements audio en Chine,1,"[""Catégories d’achat"", ""Enceintes Bluetooth de Chine en gros pour vendeurs en ligne"", ""Comparaison des offres"", ""Validation consignée"", ""Documents de production et de fonctions"", ""Questions d’achat"", ""Préparez votre demande"", ""Trouver un fournisseur économique d’enceintes de soirée Bluetooth en Chine""]","Organisez l’achat d’enceintes en Chine selon usage, puissance déclarée, alimentation, batterie, accessoires et emballage. Alignez offre, échantillon…",149,https://www.ddnzglobal.com/fr/sourcing/audio-speakers-from-china/,9,fr,[]
https://www.ddnzglobal.com/fr/sourcing/audio-speakers-from-china/headphones-earbuds/,fr,Acheter casques et écouteurs en gros en Chine,45,Acheter casques et écouteurs en gros en Chine,1,"[""Configurations à sourcer"", ""Composer la commande"", ""Comparer avant de commander"", ""Contrôles avant validation des échantillons"", ""Emballage et marque propre"", ""Calculer le coût livré"", ""Préparer la commande pour votre canal"", ""Questions d’achat"", ""Préparer des devis comparables"", ""Autres catégories audio""]","Pour boutiques, marques propres et vendeurs Amazon : comparez confort, appels et recharge avant de choisir TWS, casques et gaming.",130,https://www.ddnzglobal.com/fr/sourcing/audio-speakers-from-china/headphones-earbuds/,9,fr,[]
https://www.ddnzglobal.com/fr/sourcing/audio-speakers-from-china/desktop-pc-speakers/,fr,Acheter des enceintes PC en gros en Chine,41,Acheter des enceintes PC en gros en Chine,1,"[""Configurations à sourcer"", ""Composer la commande"", ""Comparer avant de commander"", ""Contrôles avant validation des échantillons"", ""Emballage et marque propre"", ""Calculer le coût livré"", ""Préparer la commande pour votre canal"", ""Questions d’achat"", ""Préparer des devis comparables"", ""Autres catégories audio""]","Pour revendeurs informatiques : comparez paires USB, barres compactes et ensembles actifs selon espace, connectique et emballage.",129,https://www.ddnzglobal.com/fr/sourcing/audio-speakers-from-china/desktop-pc-speakers/,9,fr,[]
https://www.ddnzglobal.com/fr/sourcing/audio-speakers-from-china/portable-outdoor-speakers/,fr,Acheter des enceintes Bluetooth portables en Chine,50,Acheter des enceintes Bluetooth portables en Chine,1,"[""Configurations à sourcer"", ""Composer la commande"", ""Comparer avant de commander"", ""Contrôles avant validation des échantillons"", ""Emballage et marque propre"", ""Calculer le coût livré"", ""Préparer la commande pour votre canal"", ""Questions d’achat"", ""Préparer des devis comparables"", ""Autres catégories audio""]","Pour voyages et cadeaux : comparez mini, boombox et douche selon autonomie, poids emballé et usage.",99,https://www.ddnzglobal.com/fr/sourcing/audio-speakers-from-china/portable-outdoor-speakers/,9,fr,[]
https://www.ddnzglobal.com/fr/sourcing/audio-speakers-from-china/party-karaoke-speakers/,fr,Acheter des enceintes de fête et karaoké en Chine,49,Acheter des enceintes de fête et karaoké en Chine,1,"[""Configurations à sourcer"", ""Composer la commande"", ""Comparer avant de commander"", ""Contrôles avant validation des échantillons"", ""Emballage et marque propre"", ""Calculer le coût livré"", ""Préparer la commande pour votre canal"", ""Questions d’achat"", ""Préparer des devis comparables"", ""Autres catégories audio""]","Pour détaillants, Noon et Jumia : comparez coffrets à deux micros et grands modèles selon puissance nominale et accessoires.",124,https://www.ddnzglobal.com/fr/sourcing/audio-speakers-from-china/party-karaoke-speakers/,9,fr,[]
https://www.ddnzglobal.com/fr/sourcing/audio-speakers-from-china/home-hifi-bookshelf-speakers/,fr,Acheter Hi-Fi et enceintes bibliothèque en Chine,48,Acheter Hi-Fi et enceintes bibliothèque en Chine,1,"[""Configurations à sourcer"", ""Composer la commande"", ""Comparer avant de commander"", ""Contrôles avant validation des échantillons"", ""Emballage et marque propre"", ""Calculer le coût livré"", ""Préparer la commande pour votre canal"", ""Questions d’achat"", ""Préparer des devis comparables"", ""Autres catégories audio""]","Pour spécialistes : comparez entrées, finition et écoute des échantillons ; le terme premium ne remplace pas la validation.",123,https://www.ddnzglobal.com/fr/sourcing/audio-speakers-from-china/home-hifi-bookshelf-speakers/,9,fr,[]
https://www.ddnzglobal.com/pt/sourcing/audio-speakers-from-china/,pt,Compre caixas de som e equipamentos de áudio da China | DDNZ,60,Compre caixas de som e equipamentos de áudio da China,1,"[""Categorias de compra"", ""Caixas de som Bluetooth da China no atacado para lojistas online"", ""Comparação de propostas"", ""Registro de aprovação"", ""Registros de produção e funções"", ""Perguntas de compra"", ""Prepare sua necessidade de compra"", ""Como encontrar fornecedores econômicos de caixas de som Bluetooth para festas na China""]","Organize o sourcing de caixas de som da China por uso, potência declarada, alimentação, bateria, acessórios e embalagem. Mantenha proposta, amostra…",148,https://www.ddnzglobal.com/pt/sourcing/audio-speakers-from-china/,9,pt,[]
https://www.ddnzglobal.com/pt/sourcing/audio-speakers-from-china/headphones-earbuds/,pt,Compre fones de ouvido da China no atacado,42,Compre fones de ouvido da China no atacado,1,"[""Configurações para aquisição"", ""Montar o pedido"", ""Compare antes de comprar"", ""Checklist de aprovação da amostra"", ""Embalagem e marca própria"", ""Calcule o custo de entrega"", ""Prepare o pedido para seu canal"", ""Perguntas de compra"", ""Prepare cotações comparáveis"", ""Outras categorias de áudio""]","Para lojas de acessórios, marcas próprias e Amazon: compare conforto, chamadas e carga antes de selecionar TWS, headphones e headsets.",134,https://www.ddnzglobal.com/pt/sourcing/audio-speakers-from-china/headphones-earbuds/,9,pt,[]
https://www.ddnzglobal.com/pt/sourcing/audio-speakers-from-china/desktop-pc-speakers/,pt,Compre caixas de som para PC da China no atacado,48,Compre caixas de som para PC da China no atacado,1,"[""Configurações para aquisição"", ""Montar o pedido"", ""Compare antes de comprar"", ""Checklist de aprovação da amostra"", ""Embalagem e marca própria"", ""Calcule o custo de entrega"", ""Prepare o pedido para seu canal"", ""Perguntas de compra"", ""Prepare cotações comparáveis"", ""Outras categorias de áudio""]","Para lojas de informática e vendedores online: compare pares USB, soundbars compactas e conjuntos ativos por espaço, entradas e embalagem.",138,https://www.ddnzglobal.com/pt/sourcing/audio-speakers-from-china/desktop-pc-speakers/,9,pt,[]
https://www.ddnzglobal.com/pt/sourcing/audio-speakers-from-china/portable-outdoor-speakers/,pt,Compre caixas Bluetooth portáteis da China,42,Compre caixas Bluetooth portáteis da China,1,"[""Configurações para aquisição"", ""Montar o pedido"", ""Compare antes de comprar"", ""Checklist de aprovação da amostra"", ""Embalagem e marca própria"", ""Calcule o custo de entrega"", ""Prepare o pedido para seu canal"", ""Perguntas de compra"", ""Prepare cotações comparáveis"", ""Outras categorias de áudio""]","Para viagens e presentes: compare modelos mini, boombox e banho por autonomia, peso embalado e uso.",99,https://www.ddnzglobal.com/pt/sourcing/audio-speakers-from-china/portable-outdoor-speakers/,9,pt,[]
https://www.ddnzglobal.com/pt/sourcing/audio-speakers-from-china/party-karaoke-speakers/,pt,Compre caixas de festa e karaokê da China,41,Compre caixas de festa e karaokê da China,1,"[""Configurações para aquisição"", ""Montar o pedido"", ""Compare antes de comprar"", ""Checklist de aprovação da amostra"", ""Embalagem e marca própria"", ""Calcule o custo de entrega"", ""Prepare o pedido para seu canal"", ""Perguntas de compra"", ""Prepare cotações comparáveis"", ""Outras categorias de áudio""]","Para varejo, Noon e Jumia: compare kits de dois microfones e caixas maiores pela potência nominal e acessórios.",111,https://www.ddnzglobal.com/pt/sourcing/audio-speakers-from-china/party-karaoke-speakers/,9,pt,[]
https://www.ddnzglobal.com/pt/sourcing/audio-speakers-from-china/home-hifi-bookshelf-speakers/,pt,Compre Hi-Fi e caixas bookshelf da China,40,Compre Hi-Fi e caixas bookshelf da China,1,"[""Configurações para aquisição"", ""Montar o pedido"", ""Compare antes de comprar"", ""Checklist de aprovação da amostra"", ""Embalagem e marca própria"", ""Calcule o custo de entrega"", ""Prepare o pedido para seu canal"", ""Perguntas de compra"", ""Prepare cotações comparáveis"", ""Outras categorias de áudio""]","Para lojas especializadas: compare entradas, acabamento e audição das amostras; o rótulo premium não substitui a avaliação.",123,https://www.ddnzglobal.com/pt/sourcing/audio-speakers-from-china/home-hifi-bookshelf-speakers/,9,pt,[]
https://www.ddnzglobal.com/tr/sourcing/audio-speakers-from-china/,tr,Çin’den hoparlör ve ses ekipmanı satın alın | DDNZ,50,Çin’den hoparlör ve ses ekipmanı satın alın,1,"[""Satın alma kategorileri"", ""Çevrimiçi satıcılar için Çin’den toptan Bluetooth hoparlör"", ""Teklif karşılaştırması"", ""Onay kaydı"", ""Üretim ve işlev kayıtları"", ""Satın alma soruları"", ""Satın alma talebinizi hazırlayın"", ""Çin’de uygun fiyatlı Bluetooth parti hoparlörü tedarikçisi nasıl bulunur?""]","Çin’den hoparlör tedarikini kullanım, beyan edilen güç, besleme, batarya, aksesuar ve ambalaja göre düzenleyin. Teklif, onaylı numune ve sevk edilen…",149,https://www.ddnzglobal.com/tr/sourcing/audio-speakers-from-china/,9,tr,[]
https://www.ddnzglobal.com/tr/sourcing/audio-speakers-from-china/headphones-earbuds/,tr,Çin’den toptan kulaklık satın alın,34,Çin’den toptan kulaklık satın alın,1,"[""Tedarik edilecek yapılandırmalar"", ""Siparişinizi oluşturun"", ""Siparişten önce karşılaştırın"", ""Numune onay kontrol listesi"", ""Ambalaj ve özel marka"", ""Teslim maliyetini planlayın"", ""Siparişi satış kanalınıza hazırlayın"", ""Satın alma soruları"", ""Karşılaştırılabilir teklif hazırlayın"", ""Diğer ses kategorileri""]","Mağazalar, özel markalar ve Amazon için: TWS, baş üstü ve oyuncu modellerini seçmeden önce konfor, arama ve şarjı karşılaştırın.",128,https://www.ddnzglobal.com/tr/sourcing/audio-speakers-from-china/headphones-earbuds/,9,tr,[]
https://www.ddnzglobal.com/tr/sourcing/audio-speakers-from-china/desktop-pc-speakers/,tr,Çin’den toptan PC hoparlörü satın alın,38,Çin’den toptan PC hoparlörü satın alın,1,"[""Tedarik edilecek yapılandırmalar"", ""Siparişinizi oluşturun"", ""Siparişten önce karşılaştırın"", ""Numune onay kontrol listesi"", ""Ambalaj ve özel marka"", ""Teslim maliyetini planlayın"", ""Siparişi satış kanalınıza hazırlayın"", ""Satın alma soruları"", ""Karşılaştırılabilir teklif hazırlayın"", ""Diğer ses kategorileri""]","Bilgisayar mağazaları için: USB çiftleri, küçük soundbar ve aktif setleri alan, bağlantı ve ambalaja göre karşılaştırın.",120,https://www.ddnzglobal.com/tr/sourcing/audio-speakers-from-china/desktop-pc-speakers/,9,tr,[]
https://www.ddnzglobal.com/tr/sourcing/audio-speakers-from-china/portable-outdoor-speakers/,tr,Çin’den taşınabilir Bluetooth hoparlör satın alın,49,Çin’den taşınabilir Bluetooth hoparlör satın alın,1,"[""Tedarik edilecek yapılandırmalar"", ""Siparişinizi oluşturun"", ""Siparişten önce karşılaştırın"", ""Numune onay kontrol listesi"", ""Ambalaj ve özel marka"", ""Teslim maliyetini planlayın"", ""Siparişi satış kanalınıza hazırlayın"", ""Satın alma soruları"", ""Karşılaştırılabilir teklif hazırlayın"", ""Diğer ses kategorileri""]","Seyahat ve hediyeler için: mini, boombox ve duş modellerini pil süresi, paket ağırlığı ve kullanıma göre seçin.",111,https://www.ddnzglobal.com/tr/sourcing/audio-speakers-from-china/portable-outdoor-speakers/,9,tr,[]
https://www.ddnzglobal.com/tr/sourcing/audio-speakers-from-china/party-karaoke-speakers/,tr,Çin’den parti ve karaoke hoparlörü alın,39,Çin’den parti ve karaoke hoparlörü alın,1,"[""Tedarik edilecek yapılandırmalar"", ""Siparişinizi oluşturun"", ""Siparişten önce karşılaştırın"", ""Numune onay kontrol listesi"", ""Ambalaj ve özel marka"", ""Teslim maliyetini planlayın"", ""Siparişi satış kanalınıza hazırlayın"", ""Satın alma soruları"", ""Karşılaştırılabilir teklif hazırlayın"", ""Diğer ses kategorileri""]","Perakende, Noon ve Jumia için: iki mikrofonlu setleri ve büyük modelleri nominal güç ve aksesuarla karşılaştırın.",113,https://www.ddnzglobal.com/tr/sourcing/audio-speakers-from-china/party-karaoke-speakers/,9,tr,[]
https://www.ddnzglobal.com/tr/sourcing/audio-speakers-from-china/home-hifi-bookshelf-speakers/,tr,Çin’den ev Hi-Fi ve raf hoparlörü alın,38,Çin’den ev Hi-Fi ve raf hoparlörü alın,1,"[""Tedarik edilecek yapılandırmalar"", ""Siparişinizi oluşturun"", ""Siparişten önce karşılaştırın"", ""Numune onay kontrol listesi"", ""Ambalaj ve özel marka"", ""Teslim maliyetini planlayın"", ""Siparişi satış kanalınıza hazırlayın"", ""Satın alma soruları"", ""Karşılaştırılabilir teklif hazırlayın"", ""Diğer ses kategorileri""]","Uzman mağazalar için: girişler, kaplama ve numune dinlemesini karşılaştırın; premium etiketi doğrulamanın yerini tutmaz.",120,https://www.ddnzglobal.com/tr/sourcing/audio-speakers-from-china/home-hifi-bookshelf-speakers/,9,tr,[]
