"language","page","question","answer","link_label","destination"
"en","/sourcing-services/","Do I need a China sourcing agent or a freight forwarder?","Use sourcing support when the product, supplier, sample or purchase configuration still needs to be chosen. Use freight support when the goods and supplier are already agreed and you need collection, export and transport. If both are needed, define where the approved buying order becomes the shipping instruction.","See the sourcing-to-shipping process →","/how-we-work/"
"en","/sourcing-services/","Can you inspect and consolidate goods I bought from my own suppliers?","Send the supplier list, order references, ready dates and inspection requirements. Existing orders can be reviewed for inspection and consolidation without restarting supplier search. Confirm receiving, checks and release responsibilities before suppliers dispatch.","Plan consolidation for existing orders →","/sourcing-services/consolidation-export/"
"en","/sourcing-services/","What should I send for a supplier search and quotation comparison?","Provide a product reference, intended use, specification, quantities by variant, target market and delivery requirements. A useful comparison separates the machine or product configuration, included accessories, packing and service scope so a lower price can be evaluated on the same basis.","Prepare a supplier comparison brief →","/sourcing-services/supplier-search/"
"en","/sourcing-services/","Are the product price, sourcing service and shipping cost the same quotation?","They are different cost lines. Confirm the selected product and quantity, packaging, inspection or sourcing work, transport and destination scope. Published product references do not establish a complete delivered price for every market.","Request an itemised sourcing scope →","/get-a-quote/?leadGoal=Product+Sourcing&source=sourcing_decisions"
"en","/products/","Can I source a mixed product order from China?","Choose the products and variants first, then list quantity and supplier readiness for each line. A mixed order needs compatible packing and shipment documents. Confirm whether the selected products can travel together before treating one consolidated shipment as the lowest-cost option.","Review multi-supplier consolidation →","/sourcing-services/consolidation-export/"
"en","/products/","How do I choose a wholesale range or a project equipment package?","A wholesale range needs repeatable models, an appropriate assortment and reorder information. A restaurant project starts with the menu, available space, utilities and an equipment schedule. A food-preparation package covers a defined production step and does not automatically include cooking, cold storage or installation.","Plan an equipment range for distributors →","/sourcing/kitchen-equipment-for-distributors/"
"en","/products/","What should I compare before buying machinery from China?","Match the intended ingredient or process to the model, then confirm capacity, electrical supply, guards, attachments, cleaning access and packaging. Compare the approved configuration and scope rather than assuming two similar-looking machines are interchangeable.","Compare machinery models and buying notes →","/sourcing/food-processing-machinery-from-china/"
"en","/products/","Can I check packing and export requirements before placing the product order?","Yes: include the destination, requested receiving point and any shipment restrictions in the initial brief. Ask for packed dimensions, gross weight and handling information before choosing a freight mode or estimating shipping costs.","Check LCL packing and delivery requirements →","/services/lcl-shipping-from-china/"
"en","/how-we-work/","When should I approve the sample and specifications?","Use the supplier comparison to select a sample or configuration for review. Record the agreed model, materials, accessories, packing and acceptance checks before production proceeds against that approval. An attractive quotation alone is not a release decision.","Review supplier selection and samples →","/sourcing-services/supplier-search/"
"en","/how-we-work/","What happens if a pre-shipment inspection finds differences?","Keep the findings tied to the order and agreed checklist. Record the discrepancy, supporting evidence and proposed correction, then obtain the buyer’s decision before release. A report records the condition checked; it does not make unresolved exceptions disappear.","Understand inspection outputs and limits →","/sourcing-services/inspection-quality-control/"
"en","/how-we-work/","How are several supplier orders handed over for international shipping?","Reconcile order quantities with received cartons, packing lists, marks, dimensions and weights. Identify incomplete or held items, confirm which goods are released and pass the agreed cargo and document scope to the freight operator.","Follow the consolidation and export handoff →","/sourcing-services/consolidation-export/"
"en","/how-we-work/","What if I only need shipping from China?","Start with cargo description, supplier pickup point, package count, final dimensions and weight, destination and ready date. The freight team can review transport and delivery scope without requiring a new sourcing project.","Compare sea-freight planning requirements →","/services/sea-freight/"
"en","/insights/","Buying from China for the first time?","Begin with supplier identity, comparable specifications, sample approval and order-release records. Use a checklist to decide what still needs evidence before money or goods move to the next stage.","Read the China sourcing risk checklist →","/blog/minimize-alibaba-sourcing-risks/"
"en","/insights/","Building a commercial kitchen equipment range?","Separate a distributor’s repeatable assortment from a restaurant’s project schedule. Check capacity, utilities, parts and supplier documentation against the intended use and market.","Read the kitchen dealer’s first-container guide →","/blog/commercial-kitchen-equipment-china-nigeria-dealer-first-container/"
"en","/insights/","Comparing phone-case costs and mixed-SKU orders?","Keep phone model, material, colour, finish and packing consistent while comparing suppliers. Check how quantities per variant affect the quote and how your next reorder will match the approved sample.","Compare phone-case materials and buying costs →","/phone-cases/materials-and-pricing/"
"en","/insights/","Choosing portable power for retail or business use?","Translate the use case into appliance loads, required running time, charging options and a supplier-file review. A peak wattage label alone cannot establish the performance of a complete setup.","Explore the portable-power selection guide →","/portable-power/selection-guide/"
"en","/insights/","Preparing an international freight quotation?","Choose the cargo and final receiving scope before comparing prices. Route articles help identify the origin, packaging, documentation and destination questions that still need confirmation for your shipment.","Read the freight planning and quote-control guide →","/blog/provides-actionable-steps-for-Eastern-European/"
"zh","/zh-cn/sourcing-services/","我需要中国采购代理，还是国际货运代理？","产品、供应商、样品或配置尚未确定时，可以申请采购支持。货物和供应商已确定，需要提货、出口与运输安排时，可以申请货运支持。如果两者都需要，应先明确采购订单获批后如何衔接运输指令。","了解从采购到国际运输的流程 →","/zh-cn/how-we-work/"
"zh","/zh-cn/sourcing-services/","已经向自己的供应商下单，还能委托验货和集货吗？","可以提交供应商名单、订单编号、备货日期和验货要求，评估现有订单的验货及集货范围，无需重新寻找供应商。发货前应确认收货、检查与放行分别由谁负责。","安排现有订单的多供应商集货 →","/zh-cn/sourcing-services/consolidation-export/"
"zh","/zh-cn/sourcing-services/","寻找中国供应商并比较报价，需要提供哪些资料？","请提供产品参考、用途、规格、各款数量、目标市场和交付要求。比较报价时分别核对产品配置、附件、包装与服务范围，避免把不同配置的价格直接比较。","准备供应商搜索与比价需求 →","/zh-cn/sourcing-services/supplier-search/"
"zh","/zh-cn/sourcing-services/","产品价格、采购服务费和国际运费会分别列出吗？","这些是不同的费用项目。询价时应明确产品与数量、包装、验货或采购服务、运输以及目的地交付范围。页面上的产品参考价格不代表运往所有市场的到货总价。","申请分项采购与运输报价 →","/zh-cn/get-a-quote/?leadGoal=Product+Sourcing&source=sourcing_decisions"
"zh","/zh-cn/products/","可以从中国采购多种产品，合并成一个订单吗？","先确定产品和款式，再逐项列出数量及供应商备货状态。混合订单需要核对包装与运输文件是否兼容；确认货物能否同批运输后，再比较集货方案的成本。","了解多供应商订单集货 →","/zh-cn/sourcing-services/consolidation-export/"
"zh","/zh-cn/products/","批发产品系列和餐饮项目设备组合应该怎么选？","批发系列关注稳定型号、款式搭配与补货资料。餐饮项目从菜单、场地、水电条件和设备清单出发。食品加工组合只覆盖指定工序，不默认包含烹饪、冷藏或安装。","规划经销商设备采购系列 →","/zh-cn/sourcing/kitchen-equipment-for-distributors/"
"zh","/zh-cn/products/","从中国购买食品机械前，需要比较哪些参数？","先核对食材或加工工序与机型是否匹配，再确认产能、供电、防护、附件、清洁操作空间和包装。比较已确认的配置及供货范围，不能仅凭外观相似判断设备可以替换。","比较食品机械型号与采购要求 →","/zh-cn/sourcing/food-processing-machinery-from-china/"
"zh","/zh-cn/products/","产品下单前能先核对包装和出口运输要求吗？","可以。在需求中说明目的地、收货地点和运输限制。选择运输方式或估算运费前，应取得包装尺寸、毛重和装卸要求。","核对海运拼箱包装与交付要求 →","/zh-cn/services/lcl-shipping-from-china/"
"zh","/zh-cn/how-we-work/","什么时候确认样品和产品规格？","通过供应商比较选择待评估的样品或配置。开始按确认方案生产前，记录型号、材料、附件、包装及验收项目。报价合适不等于已经批准生产或放行。","了解供应商选择与样品确认 →","/zh-cn/sourcing-services/supplier-search/"
"zh","/zh-cn/how-we-work/","出货前验货发现货物与约定不一致，怎么办？","将发现的问题对应到订单和约定检查清单，记录差异、证据及整改建议。放行前取得买家决定。验货报告反映检查时的状态，不代表未解决的问题已经消除。","了解验货交付物与检查范围 →","/zh-cn/sourcing-services/inspection-quality-control/"
"zh","/zh-cn/how-we-work/","多个供应商的订单怎样交接给国际运输团队？","核对订单数量、实收箱数、装箱单、箱唛、尺寸和重量。标记未齐货或暂缓放行的项目，确认本次放行货物，再把约定货物和文件交给货运团队。","查看集货与出口交接流程 →","/zh-cn/sourcing-services/consolidation-export/"
"zh","/zh-cn/how-we-work/","只需要从中国运输货物，也可以吗？","请提供货物说明、供应商提货地点、件数、最终包装尺寸和重量、目的地及备货日期。货运团队可直接评估运输与交付范围，无需重新发起采购项目。","查看海运询价所需资料 →","/zh-cn/services/sea-freight/"
"zh","/zh-cn/insights/","第一次从中国采购，应该先确认什么？","先核对供应商身份、可比规格、样品确认和订单放行记录。使用检查清单判断付款或转入下一阶段前，还缺哪些证据。","阅读中国采购风险检查清单 · English →","/blog/minimize-alibaba-sourcing-risks/"
"zh","/zh-cn/insights/","如何规划商用厨房设备的经销产品系列？","区分经销商可持续补货的产品系列与餐厅项目设备清单。按用途和目标市场核对产能、水电条件、零配件及供应商文件。","阅读厨房设备经销商首柜指南 · English →","/blog/commercial-kitchen-equipment-china-nigeria-dealer-first-container/"
"zh","/zh-cn/insights/","怎样比较手机壳采购成本与多款混合订单？","比较供应商时保持机型、材料、颜色、表面处理和包装一致。核对每款数量对报价的影响，以及补货如何保持与已确认样品一致。","比较手机壳材质与采购价格 →","/zh-cn/phone-cases/materials-and-pricing/"
"zh","/zh-cn/insights/","零售或商用场景怎样选择便携储能电源？","将用途转化为电器负载、所需运行时间、充电方式和供应商资料要求。仅凭峰值功率，无法判断整套设备在实际场景中的表现。","使用便携储能选型指南 →","/zh-cn/portable-power/selection-guide/"
"zh","/zh-cn/insights/","准备国际货运询价，需要先明确什么？","先确定货物和最终收货范围，再比较价格。运输指南可帮助核对起运地、包装、文件和目的地仍需确认的问题。","阅读货运规划与报价核对指南 · English →","/blog/provides-actionable-steps-for-Eastern-European/"
"es","/es/sourcing-services/","¿Necesito un agente de compras en China o un agente de carga?","Solicite apoyo de compras si aún debe elegir el producto, el proveedor, la muestra o la configuración. Si ya tiene mercancía y proveedor confirmados, solicite apoyo para recogida, exportación y transporte. Cuando necesite ambos servicios, acuerde cómo se convierte el pedido aprobado en instrucciones de envío.","Ver el proceso de compras y transporte →","/es/how-we-work/"
"es","/es/sourcing-services/","¿Pueden inspeccionar y consolidar pedidos de mis propios proveedores?","Envíe la lista de proveedores, referencias de pedido, fechas de disponibilidad y requisitos de inspección. Podemos evaluar la inspección y consolidación de pedidos existentes sin reiniciar la búsqueda de proveedores. Acuerde quién recibe, revisa y autoriza la salida antes del despacho de los proveedores.","Planificar la consolidación de pedidos existentes →","/es/sourcing-services/consolidation-export/"
"es","/es/sourcing-services/","¿Qué información necesitan para buscar proveedores en China y comparar cotizaciones?","Envíe una referencia del producto, uso previsto, especificaciones, cantidades por variante, mercado de destino y requisitos de entrega. Compare por separado configuración, accesorios, embalaje y servicios para evaluar los precios sobre una misma base.","Preparar la búsqueda y comparación de proveedores →","/es/sourcing-services/supplier-search/"
"es","/es/sourcing-services/","¿Se cotizan por separado el producto, las compras y el transporte internacional?","Son conceptos de coste distintos. Confirme producto, cantidad, embalaje, inspección o servicio de compras, transporte y entrega en destino. Los precios de referencia publicados no representan el coste total de entrega para todos los mercados.","Solicitar una cotización desglosada →","/es/get-a-quote/?leadGoal=Product+Sourcing&source=sourcing_decisions"
"es","/es/products/","¿Puedo comprar varios tipos de productos de China en un pedido mixto?","Defina productos, variantes, cantidades y disponibilidad de cada proveedor. Compruebe la compatibilidad del embalaje y la documentación. Confirme si las mercancías pueden viajar juntas antes de comparar el coste de un envío consolidado.","Consultar la consolidación de varios proveedores →","/es/sourcing-services/consolidation-export/"
"es","/es/products/","¿Cómo elijo un surtido mayorista o un conjunto de equipos para un restaurante?","Un surtido mayorista requiere modelos estables y datos de reposición. Un proyecto de restaurante parte del menú, el espacio, las instalaciones y la lista de equipos. Un conjunto de preparación de alimentos cubre una etapa concreta; no incluye automáticamente cocción, refrigeración ni instalación.","Planificar un surtido de equipos para distribuidores →","/es/sourcing/kitchen-equipment-for-distributors/"
"es","/es/products/","¿Qué debo comparar antes de comprar maquinaria alimentaria de China?","Compruebe que el modelo sirve para el ingrediente o proceso previsto. Confirme capacidad, alimentación eléctrica, protecciones, accesorios, acceso para limpieza y embalaje. Compare configuraciones y alcance; una apariencia similar no garantiza que dos máquinas sean intercambiables.","Comparar modelos y requisitos de compra de maquinaria →","/es/sourcing/food-processing-machinery-from-china/"
"es","/es/products/","¿Puedo revisar el embalaje y los requisitos de exportación antes de comprar?","Sí. Indique destino, punto de recepción y restricciones de transporte en la solicitud inicial. Pida dimensiones embaladas, peso bruto y requisitos de manipulación antes de elegir el transporte o estimar su coste.","Revisar embalaje y entrega para carga LCL →","/es/services/lcl-shipping-from-china/"
"es","/es/how-we-work/","¿Cuándo debo aprobar la muestra y las especificaciones?","Seleccione una muestra o configuración tras comparar proveedores. Antes de producir conforme a esa aprobación, registre modelo, materiales, accesorios, embalaje y criterios de aceptación. Una cotización atractiva no equivale a una autorización de producción o salida.","Revisar la selección de proveedores y muestras →","/es/sourcing-services/supplier-search/"
"es","/es/how-we-work/","¿Qué ocurre si la inspección previa al embarque detecta diferencias?","Vincule cada hallazgo con el pedido y la lista de controles acordada. Registre la diferencia, las pruebas y la corrección propuesta; obtenga la decisión del comprador antes de autorizar la salida. Un informe no resuelve por sí solo las incidencias.","Entender los resultados y límites de la inspección →","/es/sourcing-services/inspection-quality-control/"
"es","/es/how-we-work/","¿Cómo se entregan pedidos de varios proveedores al equipo de transporte internacional?","Coteje cantidades del pedido, cajas recibidas, listas de empaque, marcas, dimensiones y pesos. Identifique mercancía pendiente o retenida, confirme qué puede salir y entregue al operador la carga y documentación acordadas.","Consultar la consolidación y entrega para exportación →","/es/sourcing-services/consolidation-export/"
"es","/es/how-we-work/","¿Y si solo necesito transporte desde China?","Envíe descripción de la carga, punto de recogida, número de bultos, dimensiones y peso finales, destino y fecha de disponibilidad. El equipo de transporte puede revisar el alcance de la entrega sin iniciar un nuevo proyecto de compras.","Consultar los datos necesarios para cotizar transporte marítimo →","/es/services/sea-freight/"
"es","/es/insights/","¿Compra en China por primera vez?","Empiece por la identidad del proveedor, especificaciones comparables, aprobación de muestras y registros de autorización del pedido. Use una lista de comprobación para identificar las pruebas pendientes antes de pagar o pasar a la siguiente etapa.","Leer la lista de riesgos de compras en China · English →","/blog/minimize-alibaba-sourcing-risks/"
"es","/es/insights/","¿Quiere crear un surtido de equipos de cocina profesional?","Distinga el surtido de reposición de un distribuidor de la lista de equipos de un proyecto de restaurante. Revise capacidad, instalaciones, repuestos y documentación según el uso y el mercado previstos.","Leer la guía del primer contenedor para distribuidores · English →","/blog/commercial-kitchen-equipment-china-nigeria-dealer-first-container/"
"es","/es/insights/","¿Compara precios de fundas de teléfono y pedidos de varios modelos?","Mantenga iguales modelo de teléfono, material, color, acabado y embalaje al comparar proveedores. Revise cómo influye la cantidad por variante y cómo se mantendrá la muestra aprobada en futuras reposiciones.","Comparar materiales y costes de compra de fundas →","/es/phone-cases/materials-and-pricing/"
"es","/es/insights/","¿Elige una estación de energía portátil para venta o uso profesional?","Convierta el uso previsto en cargas de los aparatos, autonomía requerida, opciones de carga y revisión de documentación del proveedor. La potencia máxima por sí sola no determina el rendimiento del conjunto.","Consultar la guía de estaciones de energía portátiles →","/es/portable-power/selection-guide/"
"es","/es/insights/","¿Prepara una solicitud de cotización de transporte internacional?","Defina la mercancía y el alcance de recepción en destino antes de comparar precios. Las guías de rutas ayudan a revisar origen, embalaje, documentación y cuestiones de destino pendientes.","Leer la guía de planificación y comparación de fletes · English →","/blog/provides-actionable-steps-for-Eastern-European/"
"ar","/ar/sourcing-services/","هل أحتاج إلى وكيل شراء من الصين أم إلى وكيل شحن دولي؟","اطلب دعم الشراء إذا لم تحدد بعد المنتج أو المورد أو العينة أو المواصفات. وإذا اتفقت بالفعل على البضائع والمورد، فاطلب دعم الاستلام والتصدير والنقل. وعند الحاجة إلى الخدمتين، حدد كيفية تحويل طلب الشراء المعتمد إلى تعليمات شحن.","تعرف على مراحل الشراء والشحن →","/ar/how-we-work/"
"ar","/ar/sourcing-services/","هل يمكن فحص وتجميع طلبات اشتريتها من مورديّ الحاليين؟","أرسل قائمة الموردين ومراجع الطلبات ومواعيد الجاهزية ومتطلبات الفحص. يمكن تقييم نطاق الفحص والتجميع للطلبات الحالية دون بدء البحث عن الموردين من جديد. حدد مسؤوليات الاستلام والفحص والإفراج عن البضائع قبل إرسالها من الموردين.","خطط لتجميع طلبات الموردين الحاليين →","/ar/sourcing-services/consolidation-export/"
"ar","/ar/sourcing-services/","ما المعلومات المطلوبة للبحث عن موردين في الصين ومقارنة عروض الأسعار؟","قدم مرجع المنتج والاستخدام المقصود والمواصفات والكميات لكل صنف والسوق المستهدف ومتطلبات التسليم. قارن مواصفات المنتج والملحقات والتغليف والخدمات بصورة منفصلة حتى تقوم مقارنة الأسعار على أساس واحد.","جهز طلب البحث عن الموردين ومقارنة العروض →","/ar/sourcing-services/supplier-search/"
"ar","/ar/sourcing-services/","هل تُفصل تكلفة المنتج وخدمة الشراء والشحن الدولي في عرض السعر؟","هذه بنود تكلفة مختلفة. حدد المنتج والكمية والتغليف وخدمات الفحص أو الشراء والنقل ونطاق التسليم في الوجهة. أسعار المنتجات المرجعية المنشورة لا تمثل إجمالي تكلفة التسليم إلى جميع الأسواق.","اطلب عرض سعر مفصل البنود →","/ar/get-a-quote/?leadGoal=Product+Sourcing&source=sourcing_decisions"
"ar","/ar/products/","هل يمكن شراء منتجات متنوعة من الصين ضمن طلب واحد؟","حدد المنتجات والأصناف والكميات وجاهزية كل مورد. تحقق من توافق التغليف ووثائق الشحن. تأكد من إمكانية شحن البضائع معًا قبل مقارنة تكلفة الشحنة المجمعة بالخيارات الأخرى.","تعرف على تجميع طلبات عدة موردين →","/ar/sourcing-services/consolidation-export/"
"ar","/ar/products/","كيف أختار تشكيلة للبيع بالجملة أو مجموعة معدات لمطعم؟","تحتاج تشكيلة الجملة إلى طرازات ثابتة ومعلومات لإعادة الطلب. يبدأ مشروع المطعم بقائمة الطعام والمساحة والمرافق وقائمة المعدات. تغطي مجموعة تجهيز الأغذية مرحلة محددة، ولا تشمل تلقائيًا الطهي أو التبريد أو التركيب.","خطط لتشكيلة معدات للموزعين →","/ar/sourcing/kitchen-equipment-for-distributors/"
"ar","/ar/products/","ما الذي يجب مقارنته قبل شراء آلات تجهيز الأغذية من الصين؟","تأكد من ملاءمة الطراز للمكونات أو العملية المطلوبة، ثم راجع الإنتاجية والكهرباء ووسائل الحماية والملحقات وإمكانية التنظيف والتغليف. قارن المواصفات والنطاق المعتمدين؛ فتشابه الشكل لا يعني إمكانية استبدال آلة بأخرى.","قارن طرازات الآلات ومتطلبات الشراء →","/ar/sourcing/food-processing-machinery-from-china/"
"ar","/ar/products/","هل يمكن مراجعة التغليف ومتطلبات التصدير قبل طلب المنتجات؟","نعم. حدد الوجهة ونقطة الاستلام وقيود النقل في الطلب الأولي. اطلب الأبعاد بعد التغليف والوزن الإجمالي ومتطلبات المناولة قبل اختيار وسيلة النقل أو تقدير تكلفة الشحن.","راجع تغليف وتسليم الشحنات البحرية الجزئية →","/ar/services/lcl-shipping-from-china/"
"ar","/ar/how-we-work/","متى يجب اعتماد العينة والمواصفات؟","اختر العينة أو التجهيز للمراجعة بعد مقارنة الموردين. سجل الطراز والمواد والملحقات والتغليف ومعايير القبول قبل بدء الإنتاج وفق الاعتماد. السعر الجيد وحده لا يعد موافقة على الإنتاج أو الإفراج عن البضائع.","راجع اختيار الموردين واعتماد العينات →","/ar/sourcing-services/supplier-search/"
"ar","/ar/how-we-work/","ماذا يحدث إذا كشف فحص ما قبل الشحن عن اختلافات؟","اربط النتائج بالطلب وقائمة الفحص المتفق عليها. سجل الاختلاف والأدلة والتصحيح المقترح، ثم احصل على قرار المشتري قبل الإفراج عن البضائع. يوثق التقرير الحالة المفحوصة ولا يلغي المشكلات غير المحلولة.","تعرف على نتائج الفحص وحدوده →","/ar/sourcing-services/inspection-quality-control/"
"ar","/ar/how-we-work/","كيف تُسلّم طلبات عدة موردين إلى فريق الشحن الدولي؟","طابق كميات الطلب مع الصناديق المستلمة وقوائم التعبئة والعلامات والأبعاد والأوزان. حدد البنود الناقصة أو الموقوفة، وأكد البضائع المسموح بشحنها، ثم سلّم نطاق البضائع والوثائق المتفق عليه إلى مشغل النقل.","راجع التجميع والتسليم للتصدير →","/ar/sourcing-services/consolidation-export/"
"ar","/ar/how-we-work/","ماذا لو كنت أحتاج إلى الشحن من الصين فقط؟","أرسل وصف البضائع وموقع الاستلام من المورد وعدد الطرود والأبعاد والأوزان النهائية والوجهة وموعد الجاهزية. يمكن لفريق الشحن دراسة نطاق النقل والتسليم دون بدء مشروع شراء جديد.","راجع بيانات طلب عرض سعر للشحن البحري →","/ar/services/sea-freight/"
"ar","/ar/insights/","هل تشتري من الصين للمرة الأولى؟","ابدأ بهوية المورد والمواصفات القابلة للمقارنة واعتماد العينة وسجلات الموافقة على الطلب. استخدم قائمة تحقق لتحديد الأدلة الناقصة قبل الدفع أو انتقال البضائع إلى المرحلة التالية.","اقرأ قائمة مخاطر الشراء من الصين · English →","/blog/minimize-alibaba-sourcing-risks/"
"ar","/ar/insights/","هل تخطط لتشكيلة معدات مطابخ تجارية؟","ميز بين تشكيلة الموزع القابلة لإعادة الطلب وقائمة معدات مشروع مطعم. راجع الإنتاجية ومتطلبات المرافق وقطع الغيار ووثائق المورد بحسب الاستخدام والسوق المستهدفين.","اقرأ دليل الحاوية الأولى لموزعي معدات المطابخ · English →","/blog/commercial-kitchen-equipment-china-nigeria-dealer-first-container/"
"ar","/ar/insights/","هل تقارن تكلفة أغطية الهواتف وطلبات الأصناف المتنوعة؟","ثبت طراز الهاتف والمادة واللون والتشطيب والتغليف عند مقارنة الموردين. راجع تأثير كمية كل صنف على السعر وكيفية مطابقة طلبات التجديد للعينة المعتمدة.","قارن مواد أغطية الهواتف وتكلفة شرائها →","/ar/phone-cases/materials-and-pricing/"
"ar","/ar/insights/","هل تختار محطة طاقة محمولة للبيع أو للاستخدام التجاري؟","حوّل الاستخدام المطلوب إلى أحمال الأجهزة ومدة التشغيل وطرق الشحن ومراجعة ملفات المورد. لا تكفي قدرة الذروة وحدها لتحديد أداء المنظومة كاملة.","استكشف دليل اختيار محطات الطاقة المحمولة →","/ar/portable-power/selection-guide/"
"ar","/ar/insights/","هل تُعد طلب عرض سعر للشحن الدولي؟","حدد البضائع ونطاق الاستلام النهائي قبل مقارنة الأسعار. تساعد أدلة المسارات في مراجعة نقطة الانطلاق والتغليف والوثائق ومسائل الوجهة التي تحتاج إلى تأكيد.","اقرأ دليل تخطيط الشحن ومراجعة عروض الأسعار · English →","/blog/provides-actionable-steps-for-Eastern-European/"
"ru","/ru/sourcing-services/","Нужен ли мне агент по закупкам в Китае или международный экспедитор?","Помощь с закупками нужна, когда ещё предстоит выбрать товар, поставщика, образец или комплектацию. Если товар и поставщик уже согласованы, можно запросить забор груза, экспортное сопровождение и перевозку. При заказе обеих услуг определите, как утверждённый заказ передаётся на организацию доставки.","Посмотреть этапы закупки и перевозки →","/ru/how-we-work/"
"ru","/ru/sourcing-services/","Можно ли проверить и консолидировать заказы у моих поставщиков?","Пришлите список поставщиков, номера заказов, даты готовности и требования к инспекции. Можно рассмотреть проверку и консолидацию существующих заказов без повторного поиска поставщиков. До отправки согласуйте ответственность за приёмку, проверку и разрешение на отгрузку.","Спланировать консолидацию существующих заказов →","/ru/sourcing-services/consolidation-export/"
"ru","/ru/sourcing-services/","Какие данные нужны для поиска поставщиков в Китае и сравнения предложений?","Пришлите пример товара, назначение, характеристики, количество по каждому варианту, целевой рынок и требования к доставке. Сравнивайте отдельно комплектацию, аксессуары, упаковку и услуги, чтобы оценивать цены на одинаковых условиях.","Подготовить задание на поиск и сравнение поставщиков →","/ru/sourcing-services/supplier-search/"
"ru","/ru/sourcing-services/","Стоимость товара, закупочных услуг и международной перевозки указывается отдельно?","Это разные статьи затрат. Уточните товар, количество, упаковку, инспекцию или закупочные услуги, перевозку и условия доставки в пункте назначения. Опубликованные ориентировочные цены не являются полной стоимостью доставки во все страны.","Запросить расчёт с разбивкой по статьям →","/ru/get-a-quote/?leadGoal=Product+Sourcing&source=sourcing_decisions"
"ru","/ru/products/","Можно ли закупить разные товары из Китая одним смешанным заказом?","Определите товары, варианты, количество и готовность каждого поставщика. Проверьте совместимость упаковки и транспортных документов. Уточните, можно ли отправить товары вместе, прежде чем сравнивать стоимость консолидированной перевозки с другими вариантами.","Узнать о консолидации заказов разных поставщиков →","/ru/sourcing-services/consolidation-export/"
"ru","/ru/products/","Как выбрать оптовый ассортимент или комплект оборудования для ресторана?","Для оптового ассортимента нужны стабильные модели и данные для повторных заказов. Проект ресторана начинается с меню, площади, инженерных сетей и перечня оборудования. Комплект для обработки продуктов охватывает определённый процесс и не включает автоматически приготовление, охлаждение или монтаж.","Спланировать ассортимент оборудования для дистрибьютора →","/ru/sourcing/kitchen-equipment-for-distributors/"
"ru","/ru/products/","Что сравнить перед закупкой пищевого оборудования из Китая?","Проверьте пригодность модели для сырья или процесса. Уточните производительность, электропитание, защитные устройства, принадлежности, доступ для очистки и упаковку. Сравнивайте согласованные комплектации: внешнее сходство не означает взаимозаменяемость машин.","Сравнить модели и требования к закупке оборудования →","/ru/sourcing/food-processing-machinery-from-china/"
"ru","/ru/products/","Можно ли проверить упаковку и требования к экспорту до размещения заказа?","Да. Укажите страну назначения, точку приёмки и ограничения перевозки в первоначальном запросе. До выбора транспорта и расчёта доставки запросите габариты в упаковке, вес брутто и требования к погрузке и разгрузке.","Проверить упаковку и доставку сборного морского груза →","/ru/services/lcl-shipping-from-china/"
"ru","/ru/how-we-work/","Когда следует утвердить образец и характеристики?","После сравнения поставщиков выберите образец или комплектацию для проверки. До начала производства по утверждённому заданию зафиксируйте модель, материалы, принадлежности, упаковку и критерии приёмки. Выгодная цена сама по себе не является разрешением на производство или отгрузку.","Узнать о выборе поставщика и утверждении образца →","/ru/sourcing-services/supplier-search/"
"ru","/ru/how-we-work/","Что делать, если предотгрузочная инспекция выявила расхождения?","Свяжите результаты с заказом и согласованным перечнем проверок. Зафиксируйте расхождение, доказательства и предложенное исправление; до отгрузки получите решение покупателя. Отчёт описывает проверенное состояние, но не устраняет нерешённые проблемы.","Узнать о результатах и пределах инспекции →","/ru/sourcing-services/inspection-quality-control/"
"ru","/ru/how-we-work/","Как передать заказы нескольких поставщиков на международную перевозку?","Сверьте количество по заказам с полученными коробками, упаковочными листами, маркировкой, размерами и весом. Отметьте некомплектные или задержанные позиции, подтвердите разрешённый к отгрузке состав и передайте перевозчику согласованный груз и документы.","Посмотреть порядок консолидации и передачи на экспорт →","/ru/sourcing-services/consolidation-export/"
"ru","/ru/how-we-work/","Что если нужна только доставка из Китая?","Пришлите описание груза, адрес забора у поставщика, число мест, окончательные размеры и вес, пункт назначения и дату готовности. Транспортная команда может оценить перевозку и доставку без нового проекта по поиску товаров.","Узнать, какие данные нужны для расчёта морской перевозки →","/ru/services/sea-freight/"
"ru","/ru/insights/","Впервые закупаете товары в Китае?","Начните с проверки поставщика, сопоставимых характеристик, утверждения образца и записей о согласовании заказа. По контрольному списку определите, каких подтверждений не хватает до оплаты или перехода груза на следующий этап.","Прочитать контрольный список рисков закупки в Китае · English →","/blog/minimize-alibaba-sourcing-risks/"
"ru","/ru/insights/","Формируете ассортимент оборудования для профессиональной кухни?","Разделяйте регулярно пополняемый ассортимент дистрибьютора и перечень оборудования для конкретного ресторана. Проверяйте производительность, инженерные требования, запчасти и документацию поставщика с учётом назначения и рынка.","Прочитать руководство по первому контейнеру для дистрибьютора · English →","/blog/commercial-kitchen-equipment-china-nigeria-dealer-first-container/"
"ru","/ru/insights/","Сравниваете цены на чехлы и смешанные заказы разных моделей?","Сравнивайте поставщиков при одинаковых моделях телефонов, материалах, цветах, отделке и упаковке. Уточните влияние количества каждого варианта на цену и соответствие будущих повторных заказов утверждённому образцу.","Сравнить материалы чехлов и закупочные цены →","/ru/phone-cases/materials-and-pricing/"
"ru","/ru/insights/","Выбираете портативную электростанцию для продажи или работы?","Определите нагрузку приборов, необходимое время работы, способы зарядки и документы поставщика исходя из сценария использования. Пиковая мощность сама по себе не описывает работу всей системы.","Открыть руководство по выбору портативной электростанции →","/ru/portable-power/selection-guide/"
"ru","/ru/insights/","Готовите запрос на международную перевозку?","До сравнения цен определите груз и конечные условия приёмки. Руководства по маршрутам помогают уточнить отправление, упаковку, документы и вопросы доставки, которые ещё требуют согласования.","Прочитать руководство по планированию и расчёту перевозки · English →","/blog/provides-actionable-steps-for-Eastern-European/"
"fr","/fr/sourcing-services/","Ai-je besoin d’un agent de sourcing en Chine ou d’un transitaire ?","Demandez un accompagnement achats si le produit, le fournisseur, l’échantillon ou la configuration restent à choisir. Si la marchandise et le fournisseur sont déjà confirmés, demandez un accompagnement pour l’enlèvement, l’export et le transport. Si les deux sont nécessaires, définissez le passage de la commande validée aux instructions d’expédition.","Comprendre les étapes des achats au transport →","/fr/how-we-work/"
"fr","/fr/sourcing-services/","Pouvez-vous inspecter et regrouper les commandes de mes propres fournisseurs ?","Transmettez la liste des fournisseurs, les références de commande, les dates de disponibilité et les contrôles souhaités. Les commandes existantes peuvent être étudiées pour inspection et regroupement sans nouvelle recherche de fournisseurs. Définissez les responsabilités de réception, de contrôle et d’autorisation d’expédition avant leur départ.","Préparer le regroupement de commandes existantes →","/fr/sourcing-services/consolidation-export/"
"fr","/fr/sourcing-services/","Quelles informations fournir pour rechercher des fournisseurs en Chine et comparer les devis ?","Précisez le produit de référence, son usage, les caractéristiques, les quantités par variante, le marché visé et les exigences de livraison. Distinguez configuration, accessoires, emballage et prestations pour comparer les prix sur une même base.","Préparer une recherche et une comparaison de fournisseurs →","/fr/sourcing-services/supplier-search/"
"fr","/fr/sourcing-services/","Le produit, l’accompagnement achats et le fret international sont-ils chiffrés séparément ?","Ce sont des postes de coût distincts. Confirmez le produit, la quantité, l’emballage, les inspections ou l’accompagnement achats, le transport et le périmètre de livraison. Les prix indicatifs publiés ne constituent pas un coût total livré pour tous les marchés.","Demander un devis détaillé par prestation →","/fr/get-a-quote/?leadGoal=Product+Sourcing&source=sourcing_decisions"
"fr","/fr/products/","Puis-je acheter plusieurs types de produits en Chine dans une commande mixte ?","Définissez produits, variantes, quantités et disponibilité de chaque fournisseur. Vérifiez la compatibilité des emballages et des documents de transport. Confirmez que les marchandises peuvent voyager ensemble avant de comparer le coût d’un envoi regroupé aux autres options.","Comprendre le regroupement de plusieurs fournisseurs →","/fr/sourcing-services/consolidation-export/"
"fr","/fr/products/","Comment choisir un assortiment de gros ou un ensemble d’équipements pour un restaurant ?","Un assortiment de gros nécessite des modèles stables et des informations de réapprovisionnement. Un projet de restaurant part du menu, de l’espace, des raccordements et de la liste d’équipements. Un ensemble de préparation couvre une étape précise, sans inclure automatiquement cuisson, froid ou installation.","Préparer un assortiment d’équipements pour distributeurs →","/fr/sourcing/kitchen-equipment-for-distributors/"
"fr","/fr/products/","Que comparer avant d’acheter des machines alimentaires en Chine ?","Vérifiez l’adéquation du modèle aux ingrédients ou au procédé. Confirmez capacité, alimentation électrique, protections, accessoires, accès pour le nettoyage et emballage. Comparez les configurations validées : une apparence similaire ne rend pas deux machines interchangeables.","Comparer les machines et les critères d’achat →","/fr/sourcing/food-processing-machinery-from-china/"
"fr","/fr/products/","Puis-je vérifier l’emballage et les exigences d’export avant de commander ?","Oui. Précisez la destination, le point de réception et les restrictions de transport dès la demande initiale. Demandez dimensions emballées, poids brut et contraintes de manutention avant de choisir le transport ou d’estimer son coût.","Vérifier l’emballage et la livraison en groupage maritime →","/fr/services/lcl-shipping-from-china/"
"fr","/fr/how-we-work/","Quand valider l’échantillon et les spécifications ?","Choisissez un échantillon ou une configuration après comparaison des fournisseurs. Avant la production selon cet accord, consignez modèle, matériaux, accessoires, emballage et critères d’acceptation. Un devis avantageux ne constitue pas une autorisation de production ou d’expédition.","Comprendre la sélection des fournisseurs et des échantillons →","/fr/sourcing-services/supplier-search/"
"fr","/fr/how-we-work/","Que se passe-t-il si l’inspection avant expédition révèle des écarts ?","Reliez les constats à la commande et à la liste de contrôles convenue. Consignez l’écart, les preuves et la correction proposée, puis obtenez la décision de l’acheteur avant expédition. Le rapport décrit l’état contrôlé ; il ne résout pas les anomalies restantes.","Comprendre les livrables et limites de l’inspection →","/fr/sourcing-services/inspection-quality-control/"
"fr","/fr/how-we-work/","Comment transmettre plusieurs commandes fournisseurs au transport international ?","Rapprochez quantités commandées, cartons reçus, listes de colisage, marquages, dimensions et poids. Identifiez les articles incomplets ou bloqués, confirmez ceux autorisés à partir et transmettez au transporteur le périmètre convenu des marchandises et documents.","Suivre le regroupement et la transmission pour l’export →","/fr/sourcing-services/consolidation-export/"
"fr","/fr/how-we-work/","Et si je souhaite uniquement un transport depuis la Chine ?","Envoyez description du fret, lieu d’enlèvement, nombre de colis, dimensions et poids définitifs, destination et date de disponibilité. L’équipe transport peut étudier la livraison sans lancer un nouveau projet de sourcing.","Consulter les données nécessaires à un devis maritime →","/fr/services/sea-freight/"
"fr","/fr/insights/","Vous achetez en Chine pour la première fois ?","Commencez par l’identité du fournisseur, des spécifications comparables, la validation des échantillons et les autorisations de commande. Utilisez une liste de contrôle pour identifier les preuves manquantes avant paiement ou passage à l’étape suivante.","Lire la liste de contrôle des risques d’achat en Chine · English →","/blog/minimize-alibaba-sourcing-risks/"
"fr","/fr/insights/","Vous préparez une gamme d’équipements de cuisine professionnelle ?","Distinguez l’assortiment renouvelable d’un distributeur de la liste d’équipements d’un projet de restaurant. Vérifiez capacité, raccordements, pièces et documentation selon l’usage et le marché visés.","Lire le guide du premier conteneur pour distributeurs · English →","/blog/commercial-kitchen-equipment-china-nigeria-dealer-first-container/"
"fr","/fr/insights/","Vous comparez les coûts des coques et les commandes de plusieurs références ?","Comparez les fournisseurs à modèle de téléphone, matière, couleur, finition et emballage identiques. Vérifiez l’effet des quantités par variante sur le prix et la conformité des réassorts à l’échantillon validé.","Comparer les matières et coûts d’achat des coques →","/fr/phone-cases/materials-and-pricing/"
"fr","/fr/insights/","Vous choisissez une station d’énergie portable pour la vente ou un usage professionnel ?","Traduisez l’usage en charges électriques, autonomie requise, solutions de recharge et documents fournisseur à vérifier. La puissance de crête seule ne décrit pas les performances de l’ensemble.","Consulter le guide de choix d’une station d’énergie portable →","/fr/portable-power/selection-guide/"
"fr","/fr/insights/","Vous préparez une demande de devis de fret international ?","Définissez les marchandises et le périmètre de réception final avant de comparer les prix. Les guides de transport aident à vérifier l’origine, l’emballage, les documents et les points à confirmer à destination.","Lire le guide de planification et de comparaison du fret · English →","/blog/provides-actionable-steps-for-Eastern-European/"
"pt","/pt/sourcing-services/","Preciso de um agente de compras na China ou de um agente de cargas?","Solicite apoio de compras quando ainda precisar escolher o produto, o fornecedor, a amostra ou a configuração. Se mercadoria e fornecedor já estão definidos, solicite coleta, preparação para exportação e transporte. Se precisar dos dois serviços, combine como o pedido aprovado será encaminhado para o embarque.","Entenda as etapas das compras ao transporte →","/pt/how-we-work/"
"pt","/pt/sourcing-services/","Vocês podem inspecionar e consolidar pedidos dos meus próprios fornecedores?","Envie a lista de fornecedores, as referências dos pedidos, as datas de disponibilidade e os requisitos de inspeção. É possível avaliar inspeção e consolidação de pedidos existentes sem reiniciar a busca de fornecedores. Defina as responsabilidades de recebimento, conferência e liberação antes do envio pelos fornecedores.","Planeje a consolidação de pedidos existentes →","/pt/sourcing-services/consolidation-export/"
"pt","/pt/sourcing-services/","O que preciso enviar para buscar fornecedores na China e comparar cotações?","Envie uma referência do produto, uso previsto, especificações, quantidades por variante, mercado de destino e requisitos de entrega. Compare separadamente configuração, acessórios, embalagem e serviços para avaliar preços na mesma base.","Prepare a busca e a comparação de fornecedores →","/pt/sourcing-services/supplier-search/"
"pt","/pt/sourcing-services/","Produto, assessoria de compras e frete internacional são cotados separadamente?","São itens de custo diferentes. Confirme produto, quantidade, embalagem, inspeção ou assessoria de compras, transporte e escopo da entrega no destino. Os preços de referência publicados não representam o custo total de entrega para todos os mercados.","Solicite uma cotação com custos discriminados →","/pt/get-a-quote/?leadGoal=Product+Sourcing&source=sourcing_decisions"
"pt","/pt/products/","Posso comprar diferentes produtos da China em um pedido misto?","Defina produtos, variantes, quantidades e disponibilidade de cada fornecedor. Confira a compatibilidade das embalagens e dos documentos. Confirme se as mercadorias podem viajar juntas antes de comparar o custo de um embarque consolidado com outras opções.","Entenda a consolidação de vários fornecedores →","/pt/sourcing-services/consolidation-export/"
"pt","/pt/products/","Como escolher um mix para atacado ou um conjunto de equipamentos para restaurante?","Um mix para atacado exige modelos estáveis e informações para reposição. O projeto de restaurante começa pelo cardápio, espaço, instalações e lista de equipamentos. Um conjunto de preparo de alimentos cobre uma etapa específica, sem incluir automaticamente cocção, refrigeração ou instalação.","Planeje uma linha de equipamentos para distribuidores →","/pt/sourcing/kitchen-equipment-for-distributors/"
"pt","/pt/products/","O que comparar antes de comprar máquinas para alimentos da China?","Confira se o modelo atende ao ingrediente ou processo previsto. Confirme capacidade, alimentação elétrica, proteções, acessórios, acesso para limpeza e embalagem. Compare as configurações aprovadas; aparência semelhante não torna duas máquinas equivalentes.","Compare máquinas e requisitos de compra →","/pt/sourcing/food-processing-machinery-from-china/"
"pt","/pt/products/","Posso conferir embalagem e requisitos de exportação antes de fazer o pedido?","Sim. Informe destino, ponto de recebimento e restrições de transporte na solicitação inicial. Peça dimensões embaladas, peso bruto e requisitos de movimentação antes de escolher o transporte ou estimar o frete.","Confira embalagem e entrega para carga marítima LCL →","/pt/services/lcl-shipping-from-china/"
"pt","/pt/how-we-work/","Quando devo aprovar a amostra e as especificações?","Escolha uma amostra ou configuração após comparar fornecedores. Antes da produção conforme essa aprovação, registre modelo, materiais, acessórios, embalagem e critérios de aceitação. Uma cotação atraente não equivale à autorização de produção ou embarque.","Entenda a seleção de fornecedores e amostras →","/pt/sourcing-services/supplier-search/"
"pt","/pt/how-we-work/","O que acontece se a inspeção pré-embarque encontrar divergências?","Vincule os resultados ao pedido e à lista de verificações acordada. Registre a divergência, as evidências e a correção proposta; obtenha a decisão do comprador antes da liberação. O relatório documenta a condição verificada, mas não resolve pendências automaticamente.","Entenda os resultados e limites da inspeção →","/pt/sourcing-services/inspection-quality-control/"
"pt","/pt/how-we-work/","Como os pedidos de vários fornecedores são encaminhados para o frete internacional?","Confira quantidades dos pedidos, caixas recebidas, listas de embalagem, marcações, dimensões e pesos. Identifique itens incompletos ou retidos, confirme as mercadorias liberadas e encaminhe ao operador de transporte a carga e os documentos acordados.","Veja a consolidação e a entrega para exportação →","/pt/sourcing-services/consolidation-export/"
"pt","/pt/how-we-work/","E se eu precisar apenas de transporte da China?","Envie descrição da carga, ponto de coleta, número de volumes, dimensões e peso finais, destino e data de disponibilidade. A equipe de frete pode avaliar transporte e entrega sem iniciar um novo projeto de compras.","Confira os dados necessários para cotar frete marítimo →","/pt/services/sea-freight/"
"pt","/pt/insights/","Vai comprar da China pela primeira vez?","Comece pela identificação do fornecedor, especificações comparáveis, aprovação de amostras e registros de autorização do pedido. Use uma lista de verificação para identificar evidências pendentes antes de pagar ou avançar para a próxima etapa.","Leia a lista de riscos de compras na China · English →","/blog/minimize-alibaba-sourcing-risks/"
"pt","/pt/insights/","Quer montar uma linha de equipamentos para cozinha profissional?","Separe o mix de reposição de um distribuidor da lista de equipamentos de um projeto de restaurante. Confira capacidade, instalações, peças e documentos do fornecedor conforme o uso e o mercado pretendidos.","Leia o guia do primeiro contêiner para distribuidores · English →","/blog/commercial-kitchen-equipment-china-nigeria-dealer-first-container/"
"pt","/pt/insights/","Está comparando custos de capas para celular e pedidos com vários modelos?","Compare fornecedores mantendo modelo do aparelho, material, cor, acabamento e embalagem iguais. Confira o efeito da quantidade por variante no preço e como a reposição manterá o padrão da amostra aprovada.","Compare materiais e preços de compra de capas →","/pt/phone-cases/materials-and-pricing/"
"pt","/pt/insights/","Está escolhendo uma estação de energia portátil para revenda ou uso comercial?","Converta o uso previsto em cargas dos aparelhos, autonomia necessária, opções de recarga e documentos do fornecedor a conferir. A potência de pico sozinha não define o desempenho do conjunto.","Consulte o guia de estações de energia portáteis →","/pt/portable-power/selection-guide/"
"pt","/pt/insights/","Está preparando uma solicitação de frete internacional?","Defina mercadorias e escopo do recebimento final antes de comparar preços. Os guias de rotas ajudam a conferir origem, embalagem, documentos e pontos ainda pendentes no destino.","Leia o guia de planejamento e comparação de fretes · English →","/blog/provides-actionable-steps-for-Eastern-European/"
"tr","/tr/sourcing-services/","Çin’den satın alma desteğine mi, uluslararası nakliye hizmetine mi ihtiyacım var?","Ürün, tedarikçi, numune veya ürün özellikleri henüz seçilmediyse satın alma desteği isteyin. Mal ve tedarikçi zaten belirliyse teslim alma, ihracat hazırlığı ve taşıma desteği isteyin. Her ikisi de gerekiyorsa onaylanan siparişin sevkiyat talimatına nasıl dönüştürüleceğini belirleyin.","Satın almadan sevkiyata kadar olan adımları inceleyin →","/tr/how-we-work/"
"tr","/tr/sourcing-services/","Kendi tedarikçilerimden aldığım ürünleri denetleyip siparişlerimi birleştirebilir misiniz?","Tedarikçi listesini, sipariş numaralarını, hazır olma tarihlerini ve denetim gereksinimlerini gönderin. Mevcut siparişler, yeniden tedarikçi aranmadan denetim ve birleştirme için değerlendirilebilir. Tedarikçiler gönderim yapmadan önce teslim alma, kontrol ve sevkiyat onayı sorumluluklarını belirleyin.","Mevcut siparişlerin birleştirilmesini planlayın →","/tr/sourcing-services/consolidation-export/"
"tr","/tr/sourcing-services/","Çin’de tedarikçi bulmak ve teklifleri karşılaştırmak için hangi bilgiler gerekli?","Ürün örneğini, kullanım amacını, teknik özellikleri, her varyantın miktarını, hedef pazarı ve teslimat gereksinimlerini gönderin. Fiyatları aynı koşullarda karşılaştırmak için ürün yapılandırmasını, aksesuarları, ambalajı ve hizmetleri ayrı ayrı değerlendirin.","Tedarikçi arama ve teklif karşılaştırma talebini hazırlayın →","/tr/sourcing-services/supplier-search/"
"tr","/tr/sourcing-services/","Ürün, satın alma hizmeti ve uluslararası nakliye ayrı ayrı fiyatlandırılır mı?","Bunlar farklı maliyet kalemleridir. Ürünü, miktarı, ambalajı, denetim veya satın alma hizmetini, taşımayı ve varış noktasındaki teslimat kapsamını netleştirin. Yayımlanan referans ürün fiyatları, her pazar için toplam teslimat maliyeti değildir.","Maliyet kalemleri ayrı gösterilen bir teklif isteyin →","/tr/get-a-quote/?leadGoal=Product+Sourcing&source=sourcing_decisions"
"tr","/tr/products/","Çin’den farklı ürünleri karma bir siparişle tedarik edebilir miyim?","Ürünleri, varyantları, miktarları ve her tedarikçinin hazırlık durumunu belirleyin. Ambalaj ve sevkiyat belgelerinin uyumunu kontrol edin. Birleştirilmiş sevkiyatın maliyetini diğer seçeneklerle karşılaştırmadan önce malların birlikte taşınıp taşınamayacağını teyit edin.","Birden fazla tedarikçinin siparişlerini birleştirmeyi inceleyin →","/tr/sourcing-services/consolidation-export/"
"tr","/tr/products/","Toptan ürün seçkisi veya restoran ekipman paketi nasıl seçilir?","Toptan ürün seçkisi, devamlı tedarik edilebilen modeller ve yeniden sipariş bilgileri gerektirir. Restoran projesi menü, alan, tesisat ve ekipman listesiyle başlar. Gıda hazırlama paketi belirli bir işlemi kapsar; pişirme, soğutma veya montajı kendiliğinden içermez.","Distribütörler için ekipman ürün gamı planlayın →","/tr/sourcing/kitchen-equipment-for-distributors/"
"tr","/tr/products/","Çin’den gıda makineleri satın almadan önce neleri karşılaştırmalıyım?","Modelin işlenecek malzemeye veya sürece uygunluğunu kontrol edin. Kapasite, elektrik beslemesi, koruyucular, aksesuarlar, temizleme erişimi ve ambalajı teyit edin. Onaylanmış yapılandırmaları karşılaştırın; benzer görünüm iki makinenin birbirinin yerine kullanılabileceği anlamına gelmez.","Makine modellerini ve satın alma gereksinimlerini karşılaştırın →","/tr/sourcing/food-processing-machinery-from-china/"
"tr","/tr/products/","Sipariş vermeden önce ambalaj ve ihracat gereksinimlerini kontrol edebilir miyim?","Evet. İlk talepte varış yerini, teslim alma noktasını ve taşıma kısıtlamalarını belirtin. Taşıma yöntemini seçmeden veya maliyet hesaplamadan önce ambalajlı ölçüleri, brüt ağırlığı ve elleçleme gereksinimlerini isteyin.","LCL denizyolu için ambalaj ve teslimat koşullarını inceleyin →","/tr/services/lcl-shipping-from-china/"
"tr","/tr/how-we-work/","Numuneyi ve teknik özellikleri ne zaman onaylamalıyım?","Tedarikçileri karşılaştırdıktan sonra incelenecek numuneyi veya yapılandırmayı seçin. Bu onaya göre üretim başlamadan önce model, malzeme, aksesuar, ambalaj ve kabul kriterlerini kaydedin. Uygun fiyat tek başına üretim veya sevkiyat onayı değildir.","Tedarikçi seçimini ve numune onayını inceleyin →","/tr/sourcing-services/supplier-search/"
"tr","/tr/how-we-work/","Sevkiyat öncesi denetimde farklılık bulunursa ne olur?","Bulguları sipariş ve kararlaştırılan kontrol listesiyle ilişkilendirin. Farklılığı, kanıtları ve önerilen düzeltmeyi kaydedin; sevkiyat onayından önce alıcının kararını alın. Rapor kontrol edilen durumu belgeler, ancak açık sorunları kendiliğinden çözmez.","Denetimin çıktılarını ve kapsam sınırlarını öğrenin →","/tr/sourcing-services/inspection-quality-control/"
"tr","/tr/how-we-work/","Birden fazla tedarikçinin siparişleri uluslararası nakliyeye nasıl devredilir?","Sipariş miktarlarını gelen koliler, çeki listeleri, işaretler, ölçüler ve ağırlıklarla karşılaştırın. Eksik veya bekletilen ürünleri belirleyin, sevkiyata onaylanan malları teyit edin ve kararlaştırılan yük ile belgeleri taşıma ekibine iletin.","Sipariş birleştirme ve ihracata devir sürecini inceleyin →","/tr/sourcing-services/consolidation-export/"
"tr","/tr/how-we-work/","Yalnızca Çin’den nakliye hizmetine ihtiyacım varsa ne yapmalıyım?","Yük tanımını, tedarikçiden teslim alma noktasını, paket sayısını, son ölçü ve ağırlıkları, varış yerini ve hazır olma tarihini gönderin. Nakliye ekibi yeni bir tedarik projesi başlatmadan taşıma ve teslimat kapsamını değerlendirebilir.","Denizyolu teklifi için gereken bilgileri inceleyin →","/tr/services/sea-freight/"
"tr","/tr/insights/","Çin’den ilk kez mi satın alıyorsunuz?","Tedarikçi kimliği, karşılaştırılabilir teknik özellikler, numune onayı ve sipariş onay kayıtlarıyla başlayın. Ödeme veya sonraki aşamaya geçiş öncesinde eksik kanıtları belirlemek için bir kontrol listesi kullanın.","Çin’den satın alma riskleri kontrol listesini okuyun · English →","/blog/minimize-alibaba-sourcing-risks/"
"tr","/tr/insights/","Endüstriyel mutfak ekipmanlarından bir ürün gamı mı oluşturuyorsunuz?","Distribütörün yeniden sipariş edilebilir ürün seçkisini restoran projesinin ekipman listesinden ayırın. Kapasite, tesisat, yedek parça ve tedarikçi belgelerini kullanım ve hedef pazara göre kontrol edin.","Distribütörler için ilk konteyner rehberini okuyun · English →","/blog/commercial-kitchen-equipment-china-nigeria-dealer-first-container/"
"tr","/tr/insights/","Telefon kılıfı maliyetlerini ve farklı modellerden oluşan siparişleri mi karşılaştırıyorsunuz?","Tedarikçileri aynı telefon modeli, malzeme, renk, yüzey ve ambalaj koşullarında karşılaştırın. Varyant başına miktarın fiyata etkisini ve sonraki siparişlerin onaylı numuneyle nasıl eşleşeceğini kontrol edin.","Telefon kılıfı malzemelerini ve satın alma fiyatlarını karşılaştırın →","/tr/phone-cases/materials-and-pricing/"
"tr","/tr/insights/","Satış veya ticari kullanım için taşınabilir güç istasyonu mu seçiyorsunuz?","Kullanım senaryosunu cihaz yüklerine, gerekli çalışma süresine, şarj seçeneklerine ve incelenecek tedarikçi belgelerine dönüştürün. Yalnızca tepe güç değeri tüm sistemin performansını göstermez.","Taşınabilir güç istasyonu seçim rehberini inceleyin →","/tr/portable-power/selection-guide/"
"tr","/tr/insights/","Uluslararası nakliye teklifi talebi mi hazırlıyorsunuz?","Fiyatları karşılaştırmadan önce yükü ve son teslimat kapsamını belirleyin. Rota rehberleri çıkış noktası, ambalaj, belgeler ve varışta teyit edilmesi gereken konuları gözden geçirmenize yardımcı olur.","Nakliye planlama ve teklif karşılaştırma rehberini okuyun · English →","/blog/provides-actionable-steps-for-Eastern-European/"
