"owner","level","phrase","evidence","monthly_volume"
"/sourcing/food-processing-machinery-from-china/","head","food processing machinery from China","editorial query hypothesis; validate against page and GSC","unknown"
"/sourcing/food-processing-machinery-from-china/","mid","source food processing machinery from China","editorial query hypothesis; validate against page and GSC","unknown"
"/sourcing/food-processing-machinery-from-china/","mid","buy food processing machinery from China","editorial query hypothesis; validate against page and GSC","unknown"
"/sourcing/food-processing-machinery-from-china/","long","compare food processing machinery models and wholesale prices","editorial query hypothesis; validate against page and GSC","unknown"
"/sourcing/food-processing-machinery-from-china/","long","packing and configuration for food processing machinery","editorial query hypothesis; validate against page and GSC","unknown"
"/sourcing/food-processing-machinery-from-china/dough-and-bakery-machinery/","head","dough & bakery machinery from China","editorial query hypothesis; validate against page and GSC","unknown"
"/sourcing/food-processing-machinery-from-china/dough-and-bakery-machinery/","mid","source dough & bakery machinery from China","editorial query hypothesis; validate against page and GSC","unknown"
"/sourcing/food-processing-machinery-from-china/dough-and-bakery-machinery/","mid","buy dough & bakery machinery from China","editorial query hypothesis; validate against page and GSC","unknown"
"/sourcing/food-processing-machinery-from-china/dough-and-bakery-machinery/","long","compare dough & bakery machinery models and wholesale prices","editorial query hypothesis; validate against page and GSC","unknown"
"/sourcing/food-processing-machinery-from-china/dough-and-bakery-machinery/","long","packing and configuration for dough & bakery machinery","editorial query hypothesis; validate against page and GSC","unknown"
"/sourcing/food-processing-machinery-from-china/meat-processing-machinery/","head","meat processing machinery from China","editorial query hypothesis; validate against page and GSC","unknown"
"/sourcing/food-processing-machinery-from-china/meat-processing-machinery/","mid","source meat processing machinery from China","editorial query hypothesis; validate against page and GSC","unknown"
"/sourcing/food-processing-machinery-from-china/meat-processing-machinery/","mid","buy meat processing machinery from China","editorial query hypothesis; validate against page and GSC","unknown"
"/sourcing/food-processing-machinery-from-china/meat-processing-machinery/","long","compare meat processing machinery models and wholesale prices","editorial query hypothesis; validate against page and GSC","unknown"
"/sourcing/food-processing-machinery-from-china/meat-processing-machinery/","long","packing and configuration for meat processing machinery","editorial query hypothesis; validate against page and GSC","unknown"
"/sourcing/food-processing-machinery-from-china/vegetable-processing-machinery/","head","vegetable processing machinery from China","editorial query hypothesis; validate against page and GSC","unknown"
"/sourcing/food-processing-machinery-from-china/vegetable-processing-machinery/","mid","source vegetable processing machinery from China","editorial query hypothesis; validate against page and GSC","unknown"
"/sourcing/food-processing-machinery-from-china/vegetable-processing-machinery/","mid","buy vegetable processing machinery from China","editorial query hypothesis; validate against page and GSC","unknown"
"/sourcing/food-processing-machinery-from-china/vegetable-processing-machinery/","long","compare vegetable processing machinery models and wholesale prices","editorial query hypothesis; validate against page and GSC","unknown"
"/sourcing/food-processing-machinery-from-china/vegetable-processing-machinery/","long","packing and configuration for vegetable processing machinery","editorial query hypothesis; validate against page and GSC","unknown"
"/sourcing/food-processing-machinery-from-china/bean-rice-and-juice-machinery/","head","bean, rice & juice machinery from China","editorial query hypothesis; validate against page and GSC","unknown"
"/sourcing/food-processing-machinery-from-china/bean-rice-and-juice-machinery/","mid","source bean, rice & juice machinery from China","editorial query hypothesis; validate against page and GSC","unknown"
"/sourcing/food-processing-machinery-from-china/bean-rice-and-juice-machinery/","mid","buy bean, rice & juice machinery from China","editorial query hypothesis; validate against page and GSC","unknown"
"/sourcing/food-processing-machinery-from-china/bean-rice-and-juice-machinery/","long","compare bean, rice & juice machinery models and wholesale prices","editorial query hypothesis; validate against page and GSC","unknown"
"/sourcing/food-processing-machinery-from-china/bean-rice-and-juice-machinery/","long","packing and configuration for bean, rice & juice machinery","editorial query hypothesis; validate against page and GSC","unknown"
"/sourcing/food-processing-machinery-from-china/packages/noodles/","head","noodle & dough preparation equipment package from China","editorial query hypothesis; validate against page and GSC","unknown"
"/sourcing/food-processing-machinery-from-china/packages/noodles/","mid","source noodle & dough preparation equipment package from China","editorial query hypothesis; validate against page and GSC","unknown"
"/sourcing/food-processing-machinery-from-china/packages/noodles/","mid","buy noodle & dough preparation equipment package from China","editorial query hypothesis; validate against page and GSC","unknown"
"/sourcing/food-processing-machinery-from-china/packages/noodles/","long","compare noodle & dough preparation equipment package models and wholesale prices","editorial query hypothesis; validate against page and GSC","unknown"
"/sourcing/food-processing-machinery-from-china/packages/noodles/","long","packing and configuration for noodle & dough preparation equipment package","editorial query hypothesis; validate against page and GSC","unknown"
"/sourcing/food-processing-machinery-from-china/packages/bakery/","head","bakery preparation equipment package from China","editorial query hypothesis; validate against page and GSC","unknown"
"/sourcing/food-processing-machinery-from-china/packages/bakery/","mid","source bakery preparation equipment package from China","editorial query hypothesis; validate against page and GSC","unknown"
"/sourcing/food-processing-machinery-from-china/packages/bakery/","mid","buy bakery preparation equipment package from China","editorial query hypothesis; validate against page and GSC","unknown"
"/sourcing/food-processing-machinery-from-china/packages/bakery/","long","compare bakery preparation equipment package models and wholesale prices","editorial query hypothesis; validate against page and GSC","unknown"
"/sourcing/food-processing-machinery-from-china/packages/bakery/","long","packing and configuration for bakery preparation equipment package","editorial query hypothesis; validate against page and GSC","unknown"
"/sourcing/food-processing-machinery-from-china/packages/meat-prep/","head","butcher & kitchen preparation equipment package from China","editorial query hypothesis; validate against page and GSC","unknown"
"/sourcing/food-processing-machinery-from-china/packages/meat-prep/","mid","source butcher & kitchen preparation equipment package from China","editorial query hypothesis; validate against page and GSC","unknown"
"/sourcing/food-processing-machinery-from-china/packages/meat-prep/","mid","buy butcher & kitchen preparation equipment package from China","editorial query hypothesis; validate against page and GSC","unknown"
"/sourcing/food-processing-machinery-from-china/packages/meat-prep/","long","compare butcher & kitchen preparation equipment package models and wholesale prices","editorial query hypothesis; validate against page and GSC","unknown"
"/sourcing/food-processing-machinery-from-china/packages/meat-prep/","long","packing and configuration for butcher & kitchen preparation equipment package","editorial query hypothesis; validate against page and GSC","unknown"
"/sourcing/food-processing-machinery-from-china/packages/meatballs/","head","meatball preparation equipment package from China","editorial query hypothesis; validate against page and GSC","unknown"
"/sourcing/food-processing-machinery-from-china/packages/meatballs/","mid","source meatball preparation equipment package from China","editorial query hypothesis; validate against page and GSC","unknown"
"/sourcing/food-processing-machinery-from-china/packages/meatballs/","mid","buy meatball preparation equipment package from China","editorial query hypothesis; validate against page and GSC","unknown"
"/sourcing/food-processing-machinery-from-china/packages/meatballs/","long","compare meatball preparation equipment package models and wholesale prices","editorial query hypothesis; validate against page and GSC","unknown"
"/sourcing/food-processing-machinery-from-china/packages/meatballs/","long","packing and configuration for meatball preparation equipment package","editorial query hypothesis; validate against page and GSC","unknown"
"/sourcing/food-processing-machinery-from-china/packages/vegetables/","head","vegetable preparation equipment package from China","editorial query hypothesis; validate against page and GSC","unknown"
"/sourcing/food-processing-machinery-from-china/packages/vegetables/","mid","source vegetable preparation equipment package from China","editorial query hypothesis; validate against page and GSC","unknown"
"/sourcing/food-processing-machinery-from-china/packages/vegetables/","mid","buy vegetable preparation equipment package from China","editorial query hypothesis; validate against page and GSC","unknown"
"/sourcing/food-processing-machinery-from-china/packages/vegetables/","long","compare vegetable preparation equipment package models and wholesale prices","editorial query hypothesis; validate against page and GSC","unknown"
"/sourcing/food-processing-machinery-from-china/packages/vegetables/","long","packing and configuration for vegetable preparation equipment package","editorial query hypothesis; validate against page and GSC","unknown"
"/sourcing/food-processing-machinery-from-china/packages/bean-rice/","head","bean & rice preparation equipment package from China","editorial query hypothesis; validate against page and GSC","unknown"
"/sourcing/food-processing-machinery-from-china/packages/bean-rice/","mid","source bean & rice preparation equipment package from China","editorial query hypothesis; validate against page and GSC","unknown"
"/sourcing/food-processing-machinery-from-china/packages/bean-rice/","mid","buy bean & rice preparation equipment package from China","editorial query hypothesis; validate against page and GSC","unknown"
"/sourcing/food-processing-machinery-from-china/packages/bean-rice/","long","compare bean & rice preparation equipment package models and wholesale prices","editorial query hypothesis; validate against page and GSC","unknown"
"/sourcing/food-processing-machinery-from-china/packages/bean-rice/","long","packing and configuration for bean & rice preparation equipment package","editorial query hypothesis; validate against page and GSC","unknown"
"/sourcing/mobile-accessories-from-china/","head","mobile accessories sourcing from China","editorial query hypothesis; validate against page and GSC","unknown"
"/sourcing/mobile-accessories-from-china/","mid","wholesale phone accessories China","editorial query hypothesis; validate against page and GSC","unknown"
"/sourcing/mobile-accessories-from-china/","mid","mixed mobile accessory orders China","editorial query hypothesis; validate against page and GSC","unknown"
"/sourcing/mobile-accessories-from-china/","long","source phone cases straps and screen protectors together","editorial query hypothesis; validate against page and GSC","unknown"
"/sourcing/mobile-accessories-from-china/","long","compare quantities by phone model and colour","editorial query hypothesis; validate against page and GSC","unknown"
"/phone-cases/","head","wholesale phone cases from China","editorial query hypothesis; validate against page and GSC","unknown"
"/phone-cases/","mid","private label phone case sourcing","editorial query hypothesis; validate against page and GSC","unknown"
"/phone-cases/","mid","phone case supplier MOQ comparison","editorial query hypothesis; validate against page and GSC","unknown"
"/phone-cases/","long","source a mixed model and colour phone case order","editorial query hypothesis; validate against page and GSC","unknown"
"/phone-cases/","long","approve phone case material and finish before scaling","editorial query hypothesis; validate against page and GSC","unknown"
"/phone-cases/materials-and-pricing/","head","phone case materials and prices","editorial query hypothesis; validate against page and GSC","unknown"
"/phone-cases/materials-and-pricing/","mid","PU TPU and silicone phone case comparison","editorial query hypothesis; validate against page and GSC","unknown"
"/phone-cases/materials-and-pricing/","mid","phone case supplier quote comparison","editorial query hypothesis; validate against page and GSC","unknown"
"/phone-cases/materials-and-pricing/","long","why phone case quotations differ at the same quantity","editorial query hypothesis; validate against page and GSC","unknown"
"/phone-cases/materials-and-pricing/","long","compare phone case construction packaging and custom MOQ","editorial query hypothesis; validate against page and GSC","unknown"
"/phone-straps-charms/","head","wholesale phone straps and charms from China","editorial query hypothesis; validate against page and GSC","unknown"
"/phone-straps-charms/","mid","phone lanyard sourcing China","editorial query hypothesis; validate against page and GSC","unknown"
"/phone-straps-charms/","mid","phone chains and tether patches wholesale","editorial query hypothesis; validate against page and GSC","unknown"
"/phone-straps-charms/","long","compare phone strap set contents and attachment parts","editorial query hypothesis; validate against page and GSC","unknown"
"/phone-straps-charms/","long","build a colour assortment for phone chains and charms","editorial query hypothesis; validate against page and GSC","unknown"
"/sourcing/kitchen-equipment-for-distributors/","head","kitchen equipment sourcing for distributors","editorial query hypothesis; validate against page and GSC","unknown"
"/sourcing/kitchen-equipment-for-distributors/","mid","wholesale kitchen equipment dealer range","editorial query hypothesis; validate against page and GSC","unknown"
"/sourcing/kitchen-equipment-for-distributors/","mid","China kitchen equipment assortment","editorial query hypothesis; validate against page and GSC","unknown"
"/sourcing/kitchen-equipment-for-distributors/","long","first order of kitchen equipment for a distributor","editorial query hypothesis; validate against page and GSC","unknown"
"/sourcing/kitchen-equipment-for-distributors/","long","compare entry models and larger capacity equipment for resale","editorial query hypothesis; validate against page and GSC","unknown"
"/sourcing/restaurant-project-equipment/","head","restaurant project equipment from China","editorial query hypothesis; validate against page and GSC","unknown"
"/sourcing/restaurant-project-equipment/","mid","restaurant equipment schedule sourcing","editorial query hypothesis; validate against page and GSC","unknown"
"/sourcing/restaurant-project-equipment/","mid","commercial kitchen project procurement","editorial query hypothesis; validate against page and GSC","unknown"
"/sourcing/restaurant-project-equipment/","long","source equipment against a restaurant project schedule","editorial query hypothesis; validate against page and GSC","unknown"
"/sourcing/restaurant-project-equipment/","long","coordinate multiple kitchen suppliers for a restaurant opening","editorial query hypothesis; validate against page and GSC","unknown"
"/screen-protectors/wholesale-for-stores/","head","wholesale screen protectors for stores","editorial query hypothesis; validate against page and GSC","unknown"
"/screen-protectors/wholesale-for-stores/","mid","screen protector replenishment for repair chains","editorial query hypothesis; validate against page and GSC","unknown"
"/screen-protectors/wholesale-for-stores/","mid","screen protector store assortment","editorial query hypothesis; validate against page and GSC","unknown"
"/screen-protectors/wholesale-for-stores/","long","plan a screen protector order around the phones stores repair","editorial query hypothesis; validate against page and GSC","unknown"
"/screen-protectors/wholesale-for-stores/","long","compare installation methods for a multi-store order","editorial query hypothesis; validate against page and GSC","unknown"
"/screen-protectors/private-label/","head","private label screen protectors China","editorial query hypothesis; validate against page and GSC","unknown"
"/screen-protectors/private-label/","mid","branded screen protector sourcing","editorial query hypothesis; validate against page and GSC","unknown"
"/screen-protectors/private-label/","mid","screen protector packaging customization","editorial query hypothesis; validate against page and GSC","unknown"
"/screen-protectors/private-label/","long","request supplier review for own-brand screen protectors","editorial query hypothesis; validate against page and GSC","unknown"
"/screen-protectors/private-label/","long","define glass packaging and customer experience before ordering","editorial query hypothesis; validate against page and GSC","unknown"
"/sourcing/commercial-ice-machines-from-china/","head","commercial ice machines from China","editorial query hypothesis; validate against page and GSC","unknown"
"/sourcing/commercial-ice-machines-from-china/","mid","wholesale ice machine sourcing","editorial query hypothesis; validate against page and GSC","unknown"
"/sourcing/commercial-ice-machines-from-china/","mid","commercial ice machine capacity comparison","editorial query hypothesis; validate against page and GSC","unknown"
"/sourcing/commercial-ice-machines-from-china/","long","compare ice machine daily output and footprint","editorial query hypothesis; validate against page and GSC","unknown"
"/sourcing/commercial-ice-machines-from-china/","long","source an ice machine range for restaurants and cafes","editorial query hypothesis; validate against page and GSC","unknown"
"/sourcing/commercial-electric-fryers-from-china/","head","commercial electric fryers from China","editorial query hypothesis; validate against page and GSC","unknown"
"/sourcing/commercial-electric-fryers-from-china/","mid","single and twin tank electric fryers","editorial query hypothesis; validate against page and GSC","unknown"
"/sourcing/commercial-electric-fryers-from-china/","mid","wholesale countertop fryer sourcing","editorial query hypothesis; validate against page and GSC","unknown"
"/sourcing/commercial-electric-fryers-from-china/","long","compare 10L and twin tank fryer configurations","editorial query hypothesis; validate against page and GSC","unknown"
"/sourcing/commercial-electric-fryers-from-china/","long","choose electric fryer capacity and counter space","editorial query hypothesis; validate against page and GSC","unknown"
"/sourcing/commercial-electric-griddles-from-china/","head","commercial electric griddles from China","editorial query hypothesis; validate against page and GSC","unknown"
"/sourcing/commercial-electric-griddles-from-china/","mid","countertop griddle sourcing China","editorial query hypothesis; validate against page and GSC","unknown"
"/sourcing/commercial-electric-griddles-from-china/","mid","flat plate electric griddle supplier comparison","editorial query hypothesis; validate against page and GSC","unknown"
"/sourcing/commercial-electric-griddles-from-china/","long","compare cooking plate dimensions and listed power","editorial query hypothesis; validate against page and GSC","unknown"
"/sourcing/commercial-electric-griddles-from-china/","long","choose a griddle model for a restaurant equipment range","editorial query hypothesis; validate against page and GSC","unknown"
"/","head","China sourcing and international freight forwarding","editorial query hypothesis; validate against page and GSC","unknown"
"/","mid","China sourcing and shipping company","editorial query hypothesis; validate against page and GSC","unknown"
"/","mid","China sourcing agent and freight forwarder","editorial query hypothesis; validate against page and GSC","unknown"
"/","long","source inspect and ship products from China","editorial query hypothesis; validate against page and GSC","unknown"
"/","long","buy from China with supplier coordination and international freight","editorial query hypothesis; validate against page and GSC","unknown"
"/how-we-work/","head","China sourcing process","editorial query hypothesis; validate against page and GSC","unknown"
"/how-we-work/","mid","supplier approval to export handoff","editorial query hypothesis; validate against page and GSC","unknown"
"/how-we-work/","mid","sourcing inspection and consolidation workflow","editorial query hypothesis; validate against page and GSC","unknown"
"/how-we-work/","long","when to approve samples before production in China","editorial query hypothesis; validate against page and GSC","unknown"
"/how-we-work/","long","what happens after a failed pre-shipment inspection","editorial query hypothesis; validate against page and GSC","unknown"
"/how-we-work/","long","handover several supplier orders for international shipping","editorial query hypothesis; validate against page and GSC","unknown"
"/how-we-work/","buyer-question","When should I approve the sample and specifications?","authored visible answer with related service/product link","unknown"
"/how-we-work/","buyer-question","What happens if a pre-shipment inspection finds differences?","authored visible answer with related service/product link","unknown"
"/how-we-work/","buyer-question","How are several supplier orders handed over for international shipping?","authored visible answer with related service/product link","unknown"
"/how-we-work/","buyer-question","What if I only need shipping from China?","authored visible answer with related service/product link","unknown"
"/insights/","head","China sourcing and shipping guides","editorial query hypothesis; validate against page and GSC","unknown"
"/insights/","mid","China import buying guides","editorial query hypothesis; validate against page and GSC","unknown"
"/insights/","mid","China supplier and freight checklists","editorial query hypothesis; validate against page and GSC","unknown"
"/insights/","long","supplier verification before paying a deposit","editorial query hypothesis; validate against page and GSC","unknown"
"/insights/","long","compare product costs and freight scope before importing","editorial query hypothesis; validate against page and GSC","unknown"
"/insights/","buyer-question","Buying from China for the first time?","authored visible answer with related service/product link","unknown"
"/insights/","buyer-question","Building a commercial kitchen equipment range?","authored visible answer with related service/product link","unknown"
"/insights/","buyer-question","Comparing phone-case costs and mixed-SKU orders?","authored visible answer with related service/product link","unknown"
"/insights/","buyer-question","Choosing portable power for retail or business use?","authored visible answer with related service/product link","unknown"
"/insights/","buyer-question","Preparing an international freight quotation?","authored visible answer with related service/product link","unknown"
"/services/sea-freight/","head","sea freight from China","editorial query hypothesis; validate against page and GSC","unknown"
"/services/sea-freight/","mid","FCL shipping from China","editorial query hypothesis; validate against page and GSC","unknown"
"/services/sea-freight/","mid","China ocean freight forwarding","editorial query hypothesis; validate against page and GSC","unknown"
"/services/sea-freight/","long","compare full container and shared container shipping from China","editorial query hypothesis; validate against page and GSC","unknown"
"/services/sea-freight/","long","container loading plan for mixed supplier cargo","editorial query hypothesis; validate against page and GSC","unknown"
"/services/lcl-shipping-from-china/","head","LCL shipping from China","editorial query hypothesis; validate against page and GSC","unknown"
"/services/lcl-shipping-from-china/","mid","less than container load shipping China","editorial query hypothesis; validate against page and GSC","unknown"
"/services/lcl-shipping-from-china/","mid","consolidated sea freight China","editorial query hypothesis; validate against page and GSC","unknown"
"/services/lcl-shipping-from-china/","long","LCL shipping costs packing and destination delivery","editorial query hypothesis; validate against page and GSC","unknown"
"/services/lcl-shipping-from-china/","long","ship cartons from several suppliers using LCL","editorial query hypothesis; validate against page and GSC","unknown"
"/services/dangerous-goods-shipping-from-china/","head","dangerous goods shipping from China","editorial query hypothesis; validate against page and GSC","unknown"
"/services/dangerous-goods-shipping-from-china/","mid","DG cargo acceptance China","editorial query hypothesis; validate against page and GSC","unknown"
"/services/dangerous-goods-shipping-from-china/","mid","container securing and lashing China","editorial query hypothesis; validate against page and GSC","unknown"
"/services/dangerous-goods-shipping-from-china/","long","documents needed before a dangerous goods freight review","editorial query hypothesis; validate against page and GSC","unknown"
"/services/dangerous-goods-shipping-from-china/","long","lashing bracing and void filling for export cargo","editorial query hypothesis; validate against page and GSC","unknown"
"/services/air-freight/","head","air freight from China","editorial query hypothesis; validate against page and GSC","unknown"
"/services/air-freight/","mid","China air cargo forwarding","editorial query hypothesis; validate against page and GSC","unknown"
"/services/air-freight/","mid","express versus standard air freight China","editorial query hypothesis; validate against page and GSC","unknown"
"/services/air-freight/","long","chargeable weight for air freight from China","editorial query hypothesis; validate against page and GSC","unknown"
"/services/air-freight/","long","confirm cargo acceptance before an urgent China shipment","editorial query hypothesis; validate against page and GSC","unknown"
"/services/amazon-fba/","head","Amazon FBA logistics from China","editorial query hypothesis; validate against page and GSC","unknown"
"/services/amazon-fba/","mid","FBA preparation and shipping China","editorial query hypothesis; validate against page and GSC","unknown"
"/services/amazon-fba/","mid","FNSKU labelling and carton preparation China","editorial query hypothesis; validate against page and GSC","unknown"
"/services/amazon-fba/","long","China FBA shipment carton rules and warehouse appointment","editorial query hypothesis; validate against page and GSC","unknown"
"/services/amazon-fba/","long","coordinate supplier cargo for an Amazon receiving plan","editorial query hypothesis; validate against page and GSC","unknown"
"/services/warehouse-services/","head","warehouse consolidation in China","editorial query hypothesis; validate against page and GSC","unknown"
"/services/warehouse-services/","mid","China supplier receiving and storage","editorial query hypothesis; validate against page and GSC","unknown"
"/services/warehouse-services/","mid","China cargo receiving and export preparation","editorial query hypothesis; validate against page and GSC","unknown"
"/services/warehouse-services/","long","check pallet batches before consolidation in China","editorial query hypothesis; validate against page and GSC","unknown"
"/services/warehouse-services/","long","reconcile several supplier deliveries before export","editorial query hypothesis; validate against page and GSC","unknown"
"/shipping-from-china-to-middle-east/","head","shipping from China to middle east","editorial query hypothesis; validate against page and GSC","unknown"
"/shipping-from-china-to-middle-east/","mid","sea freight from China to middle east","editorial query hypothesis; validate against page and GSC","unknown"
"/shipping-from-china-to-middle-east/","mid","cargo consolidation in China for middle east","editorial query hypothesis; validate against page and GSC","unknown"
"/shipping-from-china-to-middle-east/","long","shipping food processing machinery from China to middle east","editorial query hypothesis; validate against page and GSC","unknown"
"/shipping-from-china-to-middle-east/","long","packing and final delivery for a China to middle east shipment","editorial query hypothesis; validate against page and GSC","unknown"
"/shipping-from-china-to-central-asia/","head","shipping from China to central asia","editorial query hypothesis; validate against page and GSC","unknown"
"/shipping-from-china-to-central-asia/","mid","rail and road freight from China to central asia","editorial query hypothesis; validate against page and GSC","unknown"
"/shipping-from-china-to-central-asia/","mid","cargo consolidation in China for central asia","editorial query hypothesis; validate against page and GSC","unknown"
"/shipping-from-china-to-central-asia/","long","shipping food processing machinery from China to central asia","editorial query hypothesis; validate against page and GSC","unknown"
"/shipping-from-china-to-central-asia/","long","packing and final delivery for a China to central asia shipment","editorial query hypothesis; validate against page and GSC","unknown"
"/shipping-from-china-to-west-africa/","head","shipping from China to west africa","editorial query hypothesis; validate against page and GSC","unknown"
"/shipping-from-china-to-west-africa/","mid","sea freight from China to west africa","editorial query hypothesis; validate against page and GSC","unknown"
"/shipping-from-china-to-west-africa/","mid","cargo consolidation in China for west africa","editorial query hypothesis; validate against page and GSC","unknown"
"/shipping-from-china-to-west-africa/","long","shipping food processing machinery from China to west africa","editorial query hypothesis; validate against page and GSC","unknown"
"/shipping-from-china-to-west-africa/","long","packing and final delivery for a China to west africa shipment","editorial query hypothesis; validate against page and GSC","unknown"
"/shipping-from-china-to-latin-america/","head","shipping from China to latin america","editorial query hypothesis; validate against page and GSC","unknown"
"/shipping-from-china-to-latin-america/","mid","sea freight from China to latin america","editorial query hypothesis; validate against page and GSC","unknown"
"/shipping-from-china-to-latin-america/","mid","cargo consolidation in China for latin america","editorial query hypothesis; validate against page and GSC","unknown"
"/shipping-from-china-to-latin-america/","long","shipping food processing machinery from China to latin america","editorial query hypothesis; validate against page and GSC","unknown"
"/shipping-from-china-to-latin-america/","long","packing and final delivery for a China to latin america shipment","editorial query hypothesis; validate against page and GSC","unknown"
"/get-a-quote/","head","Request China Sourcing, Inspection or Freight Support","editorial query hypothesis; validate against page and GSC","unknown"
"/products/","head","products sourced from China","editorial query hypothesis; validate against page and GSC","unknown"
"/products/","mid","wholesale product sourcing China","editorial query hypothesis; validate against page and GSC","unknown"
"/products/","mid","China equipment and consumer product sourcing","editorial query hypothesis; validate against page and GSC","unknown"
"/products/","long","source a mixed product order from China","editorial query hypothesis; validate against page and GSC","unknown"
"/products/","long","choose wholesale equipment or a project package","editorial query hypothesis; validate against page and GSC","unknown"
"/products/","buyer-question","Can I source a mixed product order from China?","authored visible answer with related service/product link","unknown"
"/products/","buyer-question","How do I choose a wholesale range or a project equipment package?","authored visible answer with related service/product link","unknown"
"/products/","buyer-question","What should I compare before buying machinery from China?","authored visible answer with related service/product link","unknown"
"/products/","buyer-question","Can I check packing and export requirements before placing the product order?","authored visible answer with related service/product link","unknown"
"/sourcing-services/","head","China sourcing services","editorial query hypothesis; validate against page and GSC","unknown"
"/sourcing-services/","mid","product sourcing agent in China","editorial query hypothesis; validate against page and GSC","unknown"
"/sourcing-services/","mid","China procurement support","editorial query hypothesis; validate against page and GSC","unknown"
"/sourcing-services/","long","sourcing agent vs freight forwarder China","editorial query hypothesis; validate against page and GSC","unknown"
"/sourcing-services/","long","inspect and consolidate goods from my own China suppliers","editorial query hypothesis; validate against page and GSC","unknown"
"/sourcing-services/","buyer-question","Do I need a China sourcing agent or a freight forwarder?","authored visible answer with related service/product link","unknown"
"/sourcing-services/","buyer-question","Can you inspect and consolidate goods I bought from my own suppliers?","authored visible answer with related service/product link","unknown"
"/sourcing-services/","buyer-question","What should I send for a supplier search and quotation comparison?","authored visible answer with related service/product link","unknown"
"/sourcing-services/","buyer-question","Are the product price, sourcing service and shipping cost the same quotation?","authored visible answer with related service/product link","unknown"
"/refrigeration-equipment/","head","commercial refrigeration equipment from China","editorial query hypothesis; validate against page and GSC","unknown"
"/refrigeration-equipment/","mid","commercial refrigerator sourcing China","editorial query hypothesis; validate against page and GSC","unknown"
"/refrigeration-equipment/","mid","refrigerated prep counters China","editorial query hypothesis; validate against page and GSC","unknown"
"/refrigeration-equipment/","long","compare commercial refrigerators for high ambient temperatures","editorial query hypothesis; validate against page and GSC","unknown"
"/refrigeration-equipment/","long","confirm cold equipment configuration before purchase","editorial query hypothesis; validate against page and GSC","unknown"
"/sourcing/commercial-kitchen-equipment-from-china/","head","commercial kitchen equipment from China","editorial query hypothesis; validate against page and GSC","unknown"
"/sourcing/commercial-kitchen-equipment-from-china/","mid","wholesale kitchen equipment sourcing China","editorial query hypothesis; validate against page and GSC","unknown"
"/sourcing/commercial-kitchen-equipment-from-china/","mid","restaurant equipment supplier comparison","editorial query hypothesis; validate against page and GSC","unknown"
"/sourcing/commercial-kitchen-equipment-from-china/","long","compare kitchen equipment capacity and supply prices","editorial query hypothesis; validate against page and GSC","unknown"
"/sourcing/commercial-kitchen-equipment-from-china/","long","source cooking and refrigeration equipment for a dealer range","editorial query hypothesis; validate against page and GSC","unknown"
"/sourcing/restaurant-kitchen-packages-from-china/","head","restaurant kitchen equipment packages from China","editorial query hypothesis; validate against page and GSC","unknown"
"/sourcing/restaurant-kitchen-packages-from-china/","mid","restaurant kitchen layout and equipment sourcing","editorial query hypothesis; validate against page and GSC","unknown"
"/sourcing/restaurant-kitchen-packages-from-china/","mid","commercial kitchen package procurement","editorial query hypothesis; validate against page and GSC","unknown"
"/sourcing/restaurant-kitchen-packages-from-china/","long","choose a kitchen package by menu and floor area","editorial query hypothesis; validate against page and GSC","unknown"
"/sourcing/restaurant-kitchen-packages-from-china/","long","coordinate restaurant equipment utilities before ordering","editorial query hypothesis; validate against page and GSC","unknown"
"/sourcing/restaurant-kitchen-packages-from-china/takeaway-qsr/","head","Takeaway and QSR Kitchen Package from China","editorial query hypothesis; validate against page and GSC","unknown"
"/sourcing/restaurant-kitchen-packages-from-china/cafe-light-meals/","head","Cafe and Light Meals Kitchen Package from China","editorial query hypothesis; validate against page and GSC","unknown"
"/sourcing/restaurant-kitchen-packages-from-china/casual-dining/","head","Casual Dining Kitchen Package from China","editorial query hypothesis; validate against page and GSC","unknown"
"/sourcing/restaurant-kitchen-packages-from-china/bakery-pastry/","head","Bakery and Pastry Kitchen Package from China","editorial query hypothesis; validate against page and GSC","unknown"
"/sourcing/restaurant-kitchen-packages-from-china/pizza-shop/","head","Pizza Shop Kitchen Package from China","editorial query hypothesis; validate against page and GSC","unknown"
"/sourcing/restaurant-kitchen-packages-from-china/cloud-kitchen/","head","Cloud Kitchen Package from China","editorial query hypothesis; validate against page and GSC","unknown"
"/sourcing/audio-speakers-from-china/","head","speaker sourcing from China","editorial query hypothesis; validate against page and GSC","unknown"
"/sourcing/audio-speakers-from-china/","mid","wholesale audio speakers China","editorial query hypothesis; validate against page and GSC","unknown"
"/sourcing/audio-speakers-from-china/","mid","party and portable speaker sourcing","editorial query hypothesis; validate against page and GSC","unknown"
"/sourcing/audio-speakers-from-china/","long","compare speaker output accessories and retail packing","editorial query hypothesis; validate against page and GSC","unknown"
"/sourcing/audio-speakers-from-china/","long","approve a speaker configuration before a repeat order","editorial query hypothesis; validate against page and GSC","unknown"
"/portable-power/selection-guide/","head","portable power station selection guide","editorial query hypothesis; validate against page and GSC","unknown"
"/portable-power/selection-guide/","mid","portable power runtime by appliance","editorial query hypothesis; validate against page and GSC","unknown"
"/portable-power/selection-guide/","mid","power station capacity and output comparison","editorial query hypothesis; validate against page and GSC","unknown"
"/portable-power/selection-guide/","long","choose portable power for refrigerator and lighting loads","editorial query hypothesis; validate against page and GSC","unknown"
"/portable-power/selection-guide/","long","compare power station running time and charging requirements","editorial query hypothesis; validate against page and GSC","unknown"
"/sourcing/outdoor-products-from-china/","head","outdoor equipment sourcing from China","editorial query hypothesis; validate against page and GSC","unknown"
"/sourcing/outdoor-products-from-china/","mid","portable power stations from China","editorial query hypothesis; validate against page and GSC","unknown"
"/sourcing/outdoor-products-from-china/","mid","folding solar panels and portable refrigerator sourcing","editorial query hypothesis; validate against page and GSC","unknown"
"/sourcing/outdoor-products-from-china/","long","source portable power and cooling for a dealer range","editorial query hypothesis; validate against page and GSC","unknown"
"/sourcing/outdoor-products-from-china/","long","compare trial order costs and inspection scope for outdoor equipment","editorial query hypothesis; validate against page and GSC","unknown"
"/sourcing-services/supplier-search/","head","China supplier search and verification","editorial query hypothesis; validate against page and GSC","unknown"
"/sourcing-services/supplier-search/","mid","supplier comparison service China","editorial query hypothesis; validate against page and GSC","unknown"
"/sourcing-services/supplier-search/","mid","factory sourcing China","editorial query hypothesis; validate against page and GSC","unknown"
"/sourcing-services/supplier-search/","long","compare supplier quotations with the same specification","editorial query hypothesis; validate against page and GSC","unknown"
"/sourcing-services/supplier-search/","long","China supplier shortlist before sample approval","editorial query hypothesis; validate against page and GSC","unknown"
"/sourcing-services/inspection-quality-control/","head","pre-shipment inspection in China","editorial query hypothesis; validate against page and GSC","unknown"
"/sourcing-services/inspection-quality-control/","mid","product quality control China","editorial query hypothesis; validate against page and GSC","unknown"
"/sourcing-services/inspection-quality-control/","mid","supplier order inspection China","editorial query hypothesis; validate against page and GSC","unknown"
"/sourcing-services/inspection-quality-control/","long","inspect machinery accessories and packaging before shipment","editorial query hypothesis; validate against page and GSC","unknown"
"/sourcing-services/inspection-quality-control/","long","record product differences before releasing a China order","editorial query hypothesis; validate against page and GSC","unknown"
"/sourcing-services/consolidation-export/","head","multi-supplier consolidation China","editorial query hypothesis; validate against page and GSC","unknown"
"/sourcing-services/consolidation-export/","mid","order consolidation and export coordination","editorial query hypothesis; validate against page and GSC","unknown"
"/sourcing-services/consolidation-export/","mid","combine factory orders from China","editorial query hypothesis; validate against page and GSC","unknown"
"/sourcing-services/consolidation-export/","long","ship several China supplier orders in one container","editorial query hypothesis; validate against page and GSC","unknown"
"/sourcing-services/consolidation-export/","long","reconcile packing lists and supplier quantities before export","editorial query hypothesis; validate against page and GSC","unknown"
"/shipping-from-china-to-saudi-arabia/","head","shipping from China to saudi arabia","editorial query hypothesis; validate against page and GSC","unknown"
"/shipping-from-china-to-saudi-arabia/","mid","sea freight from China to saudi arabia","editorial query hypothesis; validate against page and GSC","unknown"
"/shipping-from-china-to-saudi-arabia/","mid","cargo consolidation in China for saudi arabia","editorial query hypothesis; validate against page and GSC","unknown"
"/shipping-from-china-to-saudi-arabia/","long","shipping food processing machinery from China to saudi arabia","editorial query hypothesis; validate against page and GSC","unknown"
"/shipping-from-china-to-saudi-arabia/","long","packing and final delivery for a China to saudi arabia shipment","editorial query hypothesis; validate against page and GSC","unknown"
"/shipping-from-china-to-uae/","head","shipping from China to uae","editorial query hypothesis; validate against page and GSC","unknown"
"/shipping-from-china-to-uae/","mid","sea freight from China to uae","editorial query hypothesis; validate against page and GSC","unknown"
"/shipping-from-china-to-uae/","mid","cargo consolidation in China for uae","editorial query hypothesis; validate against page and GSC","unknown"
"/shipping-from-china-to-uae/","long","shipping food processing machinery from China to uae","editorial query hypothesis; validate against page and GSC","unknown"
"/shipping-from-china-to-uae/","long","packing and final delivery for a China to uae shipment","editorial query hypothesis; validate against page and GSC","unknown"
"/shipping-from-china-to-kuwait/","head","shipping from China to kuwait","editorial query hypothesis; validate against page and GSC","unknown"
"/shipping-from-china-to-kuwait/","mid","sea freight from China to kuwait","editorial query hypothesis; validate against page and GSC","unknown"
"/shipping-from-china-to-kuwait/","mid","cargo consolidation in China for kuwait","editorial query hypothesis; validate against page and GSC","unknown"
"/shipping-from-china-to-kuwait/","long","shipping food processing machinery from China to kuwait","editorial query hypothesis; validate against page and GSC","unknown"
"/shipping-from-china-to-kuwait/","long","packing and final delivery for a China to kuwait shipment","editorial query hypothesis; validate against page and GSC","unknown"
"/shipping-from-china-to-qatar/","head","shipping from China to qatar","editorial query hypothesis; validate against page and GSC","unknown"
"/shipping-from-china-to-qatar/","mid","sea freight from China to qatar","editorial query hypothesis; validate against page and GSC","unknown"
"/shipping-from-china-to-qatar/","mid","cargo consolidation in China for qatar","editorial query hypothesis; validate against page and GSC","unknown"
"/shipping-from-china-to-qatar/","long","shipping food processing machinery from China to qatar","editorial query hypothesis; validate against page and GSC","unknown"
"/shipping-from-china-to-qatar/","long","packing and final delivery for a China to qatar shipment","editorial query hypothesis; validate against page and GSC","unknown"
"/shipping-from-china-to-oman/","head","shipping from China to oman","editorial query hypothesis; validate against page and GSC","unknown"
"/shipping-from-china-to-oman/","mid","sea freight from China to oman","editorial query hypothesis; validate against page and GSC","unknown"
"/shipping-from-china-to-oman/","mid","cargo consolidation in China for oman","editorial query hypothesis; validate against page and GSC","unknown"
"/shipping-from-china-to-oman/","long","shipping food processing machinery from China to oman","editorial query hypothesis; validate against page and GSC","unknown"
"/shipping-from-china-to-oman/","long","packing and final delivery for a China to oman shipment","editorial query hypothesis; validate against page and GSC","unknown"
"/shipping-from-china-to-bahrain/","head","shipping from China to bahrain","editorial query hypothesis; validate against page and GSC","unknown"
"/shipping-from-china-to-bahrain/","mid","sea freight from China to bahrain","editorial query hypothesis; validate against page and GSC","unknown"
"/shipping-from-china-to-bahrain/","mid","cargo consolidation in China for bahrain","editorial query hypothesis; validate against page and GSC","unknown"
"/shipping-from-china-to-bahrain/","long","shipping food processing machinery from China to bahrain","editorial query hypothesis; validate against page and GSC","unknown"
"/shipping-from-china-to-bahrain/","long","packing and final delivery for a China to bahrain shipment","editorial query hypothesis; validate against page and GSC","unknown"
"/shipping-from-china-to-kazakhstan/","head","shipping from China to kazakhstan","editorial query hypothesis; validate against page and GSC","unknown"
"/shipping-from-china-to-kazakhstan/","mid","rail and road freight from China to kazakhstan","editorial query hypothesis; validate against page and GSC","unknown"
"/shipping-from-china-to-kazakhstan/","mid","cargo consolidation in China for kazakhstan","editorial query hypothesis; validate against page and GSC","unknown"
"/shipping-from-china-to-kazakhstan/","long","shipping food processing machinery from China to kazakhstan","editorial query hypothesis; validate against page and GSC","unknown"
"/shipping-from-china-to-kazakhstan/","long","packing and final delivery for a China to kazakhstan shipment","editorial query hypothesis; validate against page and GSC","unknown"
"/shipping-from-china-to-uzbekistan/","head","shipping from China to uzbekistan","editorial query hypothesis; validate against page and GSC","unknown"
"/shipping-from-china-to-uzbekistan/","mid","rail and road freight from China to uzbekistan","editorial query hypothesis; validate against page and GSC","unknown"
"/shipping-from-china-to-uzbekistan/","mid","cargo consolidation in China for uzbekistan","editorial query hypothesis; validate against page and GSC","unknown"
"/shipping-from-china-to-uzbekistan/","long","shipping food processing machinery from China to uzbekistan","editorial query hypothesis; validate against page and GSC","unknown"
"/shipping-from-china-to-uzbekistan/","long","packing and final delivery for a China to uzbekistan shipment","editorial query hypothesis; validate against page and GSC","unknown"
"/shipping-from-china-to-kyrgyzstan/","head","shipping from China to kyrgyzstan","editorial query hypothesis; validate against page and GSC","unknown"
"/shipping-from-china-to-kyrgyzstan/","mid","rail and road freight from China to kyrgyzstan","editorial query hypothesis; validate against page and GSC","unknown"
"/shipping-from-china-to-kyrgyzstan/","mid","cargo consolidation in China for kyrgyzstan","editorial query hypothesis; validate against page and GSC","unknown"
"/shipping-from-china-to-kyrgyzstan/","long","shipping food processing machinery from China to kyrgyzstan","editorial query hypothesis; validate against page and GSC","unknown"
"/shipping-from-china-to-kyrgyzstan/","long","packing and final delivery for a China to kyrgyzstan shipment","editorial query hypothesis; validate against page and GSC","unknown"
"/shipping-from-china-to-tajikistan/","head","shipping from China to tajikistan","editorial query hypothesis; validate against page and GSC","unknown"
"/shipping-from-china-to-tajikistan/","mid","rail and road freight from China to tajikistan","editorial query hypothesis; validate against page and GSC","unknown"
"/shipping-from-china-to-tajikistan/","mid","cargo consolidation in China for tajikistan","editorial query hypothesis; validate against page and GSC","unknown"
"/shipping-from-china-to-tajikistan/","long","shipping food processing machinery from China to tajikistan","editorial query hypothesis; validate against page and GSC","unknown"
"/shipping-from-china-to-tajikistan/","long","packing and final delivery for a China to tajikistan shipment","editorial query hypothesis; validate against page and GSC","unknown"
"/shipping-from-china-to-turkmenistan/","head","shipping from China to turkmenistan","editorial query hypothesis; validate against page and GSC","unknown"
"/shipping-from-china-to-turkmenistan/","mid","rail and road freight from China to turkmenistan","editorial query hypothesis; validate against page and GSC","unknown"
"/shipping-from-china-to-turkmenistan/","mid","cargo consolidation in China for turkmenistan","editorial query hypothesis; validate against page and GSC","unknown"
"/shipping-from-china-to-turkmenistan/","long","shipping food processing machinery from China to turkmenistan","editorial query hypothesis; validate against page and GSC","unknown"
"/shipping-from-china-to-turkmenistan/","long","packing and final delivery for a China to turkmenistan shipment","editorial query hypothesis; validate against page and GSC","unknown"
"/shipping-from-china-to-russia/","head","shipping from China to russia","editorial query hypothesis; validate against page and GSC","unknown"
"/shipping-from-china-to-russia/","mid","rail and road freight from China to russia","editorial query hypothesis; validate against page and GSC","unknown"
"/shipping-from-china-to-russia/","mid","cargo consolidation in China for russia","editorial query hypothesis; validate against page and GSC","unknown"
"/shipping-from-china-to-russia/","long","shipping food processing machinery from China to russia","editorial query hypothesis; validate against page and GSC","unknown"
"/shipping-from-china-to-russia/","long","packing and final delivery for a China to russia shipment","editorial query hypothesis; validate against page and GSC","unknown"
"/shipping-from-china-to-nigeria/","head","shipping from China to nigeria","editorial query hypothesis; validate against page and GSC","unknown"
"/shipping-from-china-to-nigeria/","mid","sea freight from China to nigeria","editorial query hypothesis; validate against page and GSC","unknown"
"/shipping-from-china-to-nigeria/","mid","cargo consolidation in China for nigeria","editorial query hypothesis; validate against page and GSC","unknown"
"/shipping-from-china-to-nigeria/","long","shipping food processing machinery from China to nigeria","editorial query hypothesis; validate against page and GSC","unknown"
"/shipping-from-china-to-nigeria/","long","packing and final delivery for a China to nigeria shipment","editorial query hypothesis; validate against page and GSC","unknown"
"/shipping-from-china-to-ghana/","head","shipping from China to ghana","editorial query hypothesis; validate against page and GSC","unknown"
"/shipping-from-china-to-ghana/","mid","sea freight from China to ghana","editorial query hypothesis; validate against page and GSC","unknown"
"/shipping-from-china-to-ghana/","mid","cargo consolidation in China for ghana","editorial query hypothesis; validate against page and GSC","unknown"
"/shipping-from-china-to-ghana/","long","shipping food processing machinery from China to ghana","editorial query hypothesis; validate against page and GSC","unknown"
"/shipping-from-china-to-ghana/","long","packing and final delivery for a China to ghana shipment","editorial query hypothesis; validate against page and GSC","unknown"
"/shipping-from-china-to-mexico/","head","shipping from China to mexico","editorial query hypothesis; validate against page and GSC","unknown"
"/shipping-from-china-to-mexico/","mid","sea freight from China to mexico","editorial query hypothesis; validate against page and GSC","unknown"
"/shipping-from-china-to-mexico/","mid","cargo consolidation in China for mexico","editorial query hypothesis; validate against page and GSC","unknown"
"/shipping-from-china-to-mexico/","long","shipping food processing machinery from China to mexico","editorial query hypothesis; validate against page and GSC","unknown"
"/shipping-from-china-to-mexico/","long","packing and final delivery for a China to mexico shipment","editorial query hypothesis; validate against page and GSC","unknown"
"/shipping-from-china-to-brazil/","head","shipping from China to brazil","editorial query hypothesis; validate against page and GSC","unknown"
"/shipping-from-china-to-brazil/","mid","sea freight from China to brazil","editorial query hypothesis; validate against page and GSC","unknown"
"/shipping-from-china-to-brazil/","mid","cargo consolidation in China for brazil","editorial query hypothesis; validate against page and GSC","unknown"
"/shipping-from-china-to-brazil/","long","shipping food processing machinery from China to brazil","editorial query hypothesis; validate against page and GSC","unknown"
"/shipping-from-china-to-brazil/","long","packing and final delivery for a China to brazil shipment","editorial query hypothesis; validate against page and GSC","unknown"
"/shipping-from-china-to-argentina/","head","shipping from China to argentina","editorial query hypothesis; validate against page and GSC","unknown"
"/shipping-from-china-to-argentina/","mid","sea freight from China to argentina","editorial query hypothesis; validate against page and GSC","unknown"
"/shipping-from-china-to-argentina/","mid","cargo consolidation in China for argentina","editorial query hypothesis; validate against page and GSC","unknown"
"/shipping-from-china-to-argentina/","long","shipping food processing machinery from China to argentina","editorial query hypothesis; validate against page and GSC","unknown"
"/shipping-from-china-to-argentina/","long","packing and final delivery for a China to argentina shipment","editorial query hypothesis; validate against page and GSC","unknown"
"/shipping-from-china-to-peru/","head","shipping from China to peru","editorial query hypothesis; validate against page and GSC","unknown"
"/shipping-from-china-to-peru/","mid","sea freight from China to peru","editorial query hypothesis; validate against page and GSC","unknown"
"/shipping-from-china-to-peru/","mid","cargo consolidation in China for peru","editorial query hypothesis; validate against page and GSC","unknown"
"/shipping-from-china-to-peru/","long","shipping food processing machinery from China to peru","editorial query hypothesis; validate against page and GSC","unknown"
"/shipping-from-china-to-peru/","long","packing and final delivery for a China to peru shipment","editorial query hypothesis; validate against page and GSC","unknown"
"/shipping-from-china-to-chile/","head","shipping from China to chile","editorial query hypothesis; validate against page and GSC","unknown"
"/shipping-from-china-to-chile/","mid","sea freight from China to chile","editorial query hypothesis; validate against page and GSC","unknown"
"/shipping-from-china-to-chile/","mid","cargo consolidation in China for chile","editorial query hypothesis; validate against page and GSC","unknown"
"/shipping-from-china-to-chile/","long","shipping food processing machinery from China to chile","editorial query hypothesis; validate against page and GSC","unknown"
"/shipping-from-china-to-chile/","long","packing and final delivery for a China to chile shipment","editorial query hypothesis; validate against page and GSC","unknown"
"/blog/mixed-sku-phone-cases-china-poland-moq-packing-reorders/","head","Found a Phone Case That Sells? Source It from…","editorial query hypothesis; validate against page and GSC","unknown"
"/blog/magsafe-ring-stand-sourcing-four-sample-comparison/","head","We Tested Four Magnetic Ring Stands. Price Was…","editorial query hypothesis; validate against page and GSC","unknown"
"/blog/china-saudi-freight-september-2026-gateway-cargo-acceptance-surcharges/","head","China–Saudi Freight Before September 2026","editorial query hypothesis; validate against page and GSC","unknown"
"/blog/magsafe-phone-cases-china-turkiye-dealer-verification/","head","MagSafe Phone Cases from China","editorial query hypothesis; validate against page and GSC","unknown"
"/blog/commercial-kitchen-equipment-china-nigeria-dealer-first-container/","head","Commercial Kitchen Equipment from China for Nigeria","editorial query hypothesis; validate against page and GSC","unknown"
"/blog/portable-power-stations-china-dealer-range-camping-outage-backup/","head","portable power dealer range for camping and outage backup","editorial query hypothesis; validate against page and GSC","unknown"
"/blog/portable-power-stations-china-dealer-range-camping-outage-backup/","mid","portable power assortment planning","editorial query hypothesis; validate against page and GSC","unknown"
"/blog/portable-power-stations-china-dealer-range-camping-outage-backup/","mid","camping and backup power dealer range","editorial query hypothesis; validate against page and GSC","unknown"
"/blog/portable-power-stations-china-dealer-range-camping-outage-backup/","long","build a two-tier portable power range from China","editorial query hypothesis; validate against page and GSC","unknown"
"/blog/coffee-equipment-china-saudi-dealers-sellable-range-2026/","head","What Saudi Coffee-Equipment Dealers Should Source…","editorial query hypothesis; validate against page and GSC","unknown"
"/blog/turkey-kitchen-equipment-dealers-china-sourcing-margin-checklist/","head","Kitchen Equipment Dealer Margins: China Sourcing","editorial query hypothesis; validate against page and GSC","unknown"
"/blog/insulated-cooler-boxes-africa-china-ice-retention-test/","head","Insulated Cooler Boxes for African Distributors","editorial query hypothesis; validate against page and GSC","unknown"
"/blog/combi-ovens-gulf-restaurants-china-sourcing-checklist/","head","Combi Ovens for Gulf Restaurants","editorial query hypothesis; validate against page and GSC","unknown"
"/blog/cheap-speakers-china-african-trader-verification/","head","Cheap China Speakers: African Trader Verification","editorial query hypothesis; validate against page and GSC","unknown"
"/blog/12v-portable-fridge-power-chain-test-hot-markets/","head","12V Portable Fridges for Hot Off-Grid Markets","editorial query hypothesis; validate against page and GSC","unknown"
"/blog/commercial-ice-machine-hot-kitchen-output-china-sourcing/","head","Commercial Ice Machine Output in Hot Kitchens","editorial query hypothesis; validate against page and GSC","unknown"
"/blog/commercial-refrigerators-gulf-kitchens-climate-class-high-ambient/","head","Commercial Refrigeration for Gulf Kitchens","editorial query hypothesis; validate against page and GSC","unknown"
"/blog/commercial-kitchen-equipment-china-saudi-rfq-checklist/","head","Saudi Kitchen Equipment Sourcing: RFQ Checklist","editorial query hypothesis; validate against page and GSC","unknown"
"/blog/minimize-alibaba-sourcing-risks/","head","Alibaba Sourcing Without Customs Surprises","editorial query hypothesis; validate against page and GSC","unknown"
"/blog/high-compliance-new-energy-logistics/","head","New Energy & DG Logistics from China","editorial query hypothesis; validate against page and GSC","unknown"
"/blog/provide-actionable-strategies/","head","EU Low-Value Parcel Duty 2026","editorial query hypothesis; validate against page and GSC","unknown"
"/blog/protect-orders-against-delays/","head","China to Eastern Europe Import Risk Playbook","editorial query hypothesis; validate against page and GSC","unknown"
"/blog/provides-actionable-steps-for-Eastern-European/","head","How Importers Should Manage Ocean Freight…","editorial query hypothesis; validate against page and GSC","unknown"
"/blog/transpacific-shock-rates-surge-over-1000-in-a-single-week-as-msc-relaunches-pear/","head","Transpacific Freight from China","editorial query hypothesis; validate against page and GSC","unknown"
"/blog/2026-china-railway-express-panorama-guide-comprehensive-analysis-of-193-core-rai/","head","China-Europe Railway Express","editorial query hypothesis; validate against page and GSC","unknown"
"/blog/regulatory-compliance-alert-complete-sop-and-new-2026-mandates-for-china-nev-exp/","head","Exporting Pure Electric Passenger Vehicles from…","editorial query hypothesis; validate against page and GSC","unknown"
"/screen-protectors/","head","wholesale screen protectors from China","editorial query hypothesis; validate against page and GSC","unknown"
"/screen-protectors/","mid","screen protector sourcing China","editorial query hypothesis; validate against page and GSC","unknown"
"/screen-protectors/","mid","clear and privacy glass wholesale","editorial query hypothesis; validate against page and GSC","unknown"
"/screen-protectors/","long","compare wholesale screen protectors by phone model","editorial query hypothesis; validate against page and GSC","unknown"
"/screen-protectors/","long","check installers packaging and model minimums","editorial query hypothesis; validate against page and GSC","unknown"
"/screen-protectors/compare/","head","compare wholesale screen protectors","editorial query hypothesis; validate against page and GSC","unknown"
"/screen-protectors/compare/","mid","privacy vs clear screen protector wholesale","editorial query hypothesis; validate against page and GSC","unknown"
"/screen-protectors/compare/","mid","screen protector installer comparison","editorial query hypothesis; validate against page and GSC","unknown"
"/screen-protectors/compare/","long","compare screen protector prices at the same packing scope","editorial query hypothesis; validate against page and GSC","unknown"
"/screen-protectors/compare/","long","choose clear privacy and installer variants for bulk orders","editorial query hypothesis; validate against page and GSC","unknown"
"/screen-protectors/guides/","head","Screen Protector Specifications & Buying Guides","editorial query hypothesis; validate against page and GSC","unknown"
"/screen-protectors/guides/price-differences/","head","Screen Protector Wholesale Price Differences","editorial query hypothesis; validate against page and GSC","unknown"
"/screen-protectors/guides/curved-glass/","head","2.5D vs 3D Screen Protectors: Shape & Fit","editorial query hypothesis; validate against page and GSC","unknown"
"/screen-protectors/videos/","head","Screen Protector Factory Process Videos","editorial query hypothesis; validate against page and GSC","unknown"
"/screen-protectors/calculator/","head","screen protector landed cost calculator","editorial query hypothesis; validate against page and GSC","unknown"
"/screen-protectors/calculator/","mid","screen protector goods and delivery cost","editorial query hypothesis; validate against page and GSC","unknown"
"/screen-protectors/calculator/","mid","Istanbul screen protector cost estimate","editorial query hypothesis; validate against page and GSC","unknown"
"/screen-protectors/calculator/","long","estimate screen protector product value and delivery to Istanbul","editorial query hypothesis; validate against page and GSC","unknown"
"/screen-protectors/calculator/","long","separate product packing and shipping cost assumptions","editorial query hypothesis; validate against page and GSC","unknown"
