旧URL,目标URL,日期,HTTP状态,原因
https://www.ddnzglobal.com/zh/,https://www.ddnzglobal.com/zh-cn/,2026-09-28,301,历史404定向到相关内容；新内链直接使用目标
https://www.ddnzglobal.com/zh,https://www.ddnzglobal.com/zh-cn/,2026-09-28,301,历史404定向到相关内容；新内链直接使用目标
https://www.ddnzglobal.com/blog/turkey-kitchen-equipment-dealers-china-sourcing-margin-checklist/,https://www.ddnzglobal.com/sourcing/commercial-kitchen-equipment-from-china/,2026-09-28,301,历史404定向到相关内容；新内链直接使用目标
https://www.ddnzglobal.com/blog/turkey-kitchen-equipment-dealers-china-sourcing-margin-checklist,https://www.ddnzglobal.com/sourcing/commercial-kitchen-equipment-from-china/,2026-09-28,301,历史404定向到相关内容；新内链直接使用目标
https://www.ddnzglobal.com/blog/commercial-kitchen-equipment-china-nigeria-dealer-first-container/,https://www.ddnzglobal.com/sourcing/kitchen-equipment-for-distributors/,2026-09-28,301,历史404定向到相关内容；新内链直接使用目标
https://www.ddnzglobal.com/blog/commercial-kitchen-equipment-china-nigeria-dealer-first-container,https://www.ddnzglobal.com/sourcing/kitchen-equipment-for-distributors/,2026-09-28,301,历史404定向到相关内容；新内链直接使用目标
https://www.ddnzglobal.com/blog/portable-power-stations-china-dealer-range-camping-outage-backup/,https://www.ddnzglobal.com/portable-power/selection-guide/,2026-09-28,301,历史404定向到相关内容；新内链直接使用目标
https://www.ddnzglobal.com/blog/portable-power-stations-china-dealer-range-camping-outage-backup,https://www.ddnzglobal.com/portable-power/selection-guide/,2026-09-28,301,历史404定向到相关内容；新内链直接使用目标
https://www.ddnzglobal.com/screen-protector-media/media/001-drop-ball-impact.mp4/,https://www.ddnzglobal.com/screen-protector-media/media/001-drop-ball-impact.mp4,2026-09-28,301,历史404定向到相关内容；新内链直接使用目标
