url,before,after,before_length,after_length
/pt/portable-power/selection-guide/,"Estações de energia portáteis: capacidade, consumo e recarga | DDNZ","Estações de energia portáteis: capacidade, consumo e recarga",67,60
/fr/phone-cases/,Coques de téléphone de Chine en gros : modèles et minimums | DDNZ,Coques de téléphone de Chine en gros : modèles et minimums,65,58
/ru/screen-protectors/compare/,Сравнение защитных стёкол из Китая: оптовые цены | DDNZ Global,Сравнение защитных стёкол из Китая: оптовые цены | DDNZ,62,55
/fr/sourcing/food-processing-machinery-from-china/packages/bakery/,Achetez un ensemble « Préparation de boulangerie » en Chine | DDNZ Global,Achetez un kit « Préparation de boulangerie » en Chine,73,54
/tr/shipping-from-china-to-central-asia/,Çin’den Orta Asya ve Rusya’ya yük taşımacılığı. | DDNZ Global,Çin’den Orta Asya ve Rusya’ya yük taşımacılığı. | DDNZ,61,54
/tr/sourcing/food-processing-machinery-from-china/packages/meatballs/,Çin’den Köfte hazırlığı ekipman paketi satın alın | DDNZ Global,Çin’den Köfte hazırlığı ekipman seti alın | DDNZ,63,48
/fr/sourcing-services/,Agent de sourcing en Chine et recherche de fournisseurs | DDNZ,Agent de sourcing en Chine et recherche de fournisseurs,62,55
/es/sourcing/food-processing-machinery-from-china/packages/bakery/,Compre un conjunto de Preparación de panadería de China | DDNZ Global,Compre un kit de Preparación de panadería de China | DDNZ,69,57
/fr/screen-protectors/guides/curved-glass/,"Acheter des protections 2.5D et 3D en Chine : forme, procédé et ajustement | DDNZ",Acheter en Chine : protections 2.5D ou 3D,81,41
/es/sourcing/food-processing-machinery-from-china/dough-and-bakery-machinery/,Maquinaria para masas y panadería · Sourcing en China · Preparación de alimentos | DDNZ Global,Maquinaria para masas y panadería · Sourcing en China | DDNZ,94,60
/shipping-from-china-to-mexico/,Shipping from China to Mexico | Sea Freight & Delivery | DDNZ Global,Shipping from China to Mexico | Sea Freight & Delivery,68,54
/pt/services/lcl-shipping-from-china/,Carga marítima LCL da China: planeje todo o percurso | DDNZ Global,Carga marítima LCL da China: planeje todo o percurso | DDNZ,66,59
/shipping-from-china-to-ghana/,Shipping from China to Ghana | Tema & Accra Delivery | DDNZ Global,Shipping from China to Ghana | Tema & Accra Delivery | DDNZ,66,59
/sourcing/commercial-electric-griddles-from-china/,Commercial Electric Griddles from China: Compare Sizes | DDNZ,Commercial Electric Griddles from China: Compare Sizes,61,54
/pt/sourcing/food-processing-machinery-from-china/,Compre máquinas para processamento de alimentos da China | DDNZ Global,Compre máquinas para processamento de alimentos da China,70,56
/fr/screen-protectors/guides/price-differences/,Acheter des protections en Chine : pourquoi les prix de gros diffèrent | DDNZ,Protections de Chine : comprendre les prix de gros,77,50
/fr/sourcing/restaurant-kitchen-packages-from-china/bakery-pastry/,Achetez un ensemble de cuisine pour boulangerie et pâtisserie en Chine | DDNZ,Achetez un kit pour boulangerie et pâtisserie en Chine,77,54
/fr/shipping-from-china-to-uae/,Expédition de Chine vers les Émirats arabes unis | DDNZ Global,Expédition de Chine vers les Émirats arabes unis | DDNZ,62,55
/fr/sourcing/food-processing-machinery-from-china/packages/meatballs/,Achetez un ensemble « Préparation de boulettes » en Chine | DDNZ Global,Achetez un kit « Préparation de boulettes » en Chine | DDNZ,71,59
/fr/sourcing/food-processing-machinery-from-china/meat-processing-machinery/,Machines de préparation de viande · Approvisionnement en Chine · Préparation alimentaire | DDNZ Global,Machines de préparation de viande · Achat en Chine | DDNZ,102,57
/es/sourcing/food-processing-machinery-from-china/packages/bean-rice/,Compre un conjunto de Preparación de soja y arroz de China | DDNZ Global,Compre un kit de Preparación de soja y arroz de China | DDNZ,72,60
/ru/sourcing/commercial-electric-griddles-from-china/,Купить профессиональные электрические жарочные поверхности из Китая | DDNZ,Купить электрические жарочные поверхности из Китая,74,50
/es/screen-protectors/guides/,Compre protectores de pantalla de China: guía de especificaciones | DDNZ,Comprar protectores de China: guía técnica,72,42
/ar/services/dangerous-goods-shipping-from-china/,شحن البضائع الخطرة من الصين وتثبيتها داخل الحاوية | DDNZ Global,شحن البضائع الخطرة من الصين وتثبيتها داخل الحاوية | DDNZ,63,56
/services/lcl-shipping-from-china/,"LCL Shipping from China | Costs, Packing & Delivery | DDNZ Global","LCL Shipping from China | Costs, Packing & Delivery | DDNZ",65,58
/services/sea-freight/,"Sea Freight from China | FCL, LCL & Loading Plans | DDNZ Global","Sea Freight from China | FCL, LCL & Loading Plans | DDNZ",63,56
/fr/sourcing/restaurant-kitchen-packages-from-china/,Achetez des ensembles de cuisine de restaurant en Chine | DDNZ,Achetez des ensembles de cuisine de restaurant en Chine,62,55
/ru/sourcing/commercial-electric-fryers-from-china/,Купить профессиональные электрические фритюрницы из Китая | DDNZ,Купить профессиональные электрические фритюрницы из Китая,64,57
/pt/sourcing/food-processing-machinery-from-china/packages/meatballs/,Compre uma combinação de Produção de almôndegas da China | DDNZ Global,Compre um kit de Produção de almôndegas da China | DDNZ,70,55
/sourcing/food-processing-machinery-from-china/packages/meatballs/,Meatball preparation equipment package from China | DDNZ Global,Meatball equipment kit from China | DDNZ,63,40
/ru/sourcing/food-processing-machinery-from-china/packages/meatballs/,Купить комплект «Производство фрикаделек» из Китая | DDNZ Global,Купить комплект «Производство фрикаделек» из Китая | DDNZ,64,57
/sourcing/food-processing-machinery-from-china/packages/meat-prep/,Butcher & kitchen preparation equipment package from China | DDNZ Global,Butcher & kitchen equipment kit from China | DDNZ,72,49
/pt/sourcing/restaurant-kitchen-packages-from-china/takeaway-qsr/,Compre um conjunto de cozinha para delivery e serviço rápido da China | DDNZ,Compre cozinha para delivery e serviço rápido da China,76,54
/tr/sourcing/food-processing-machinery-from-china/packages/bean-rice/,Çin’den Soya ve pirinç hazırlığı ekipman paketi satın alın | DDNZ Global,Çin’den Soya ve pirinç hazırlığı ekipman seti alın | DDNZ,72,57
/tr/services/dangerous-goods-shipping-from-china/,Çin’den tehlikeli madde taşımacılığı ve konteyner içi sabitleme | DDNZ Global,Çin’den tehlikeli yük taşıma ve sabitleme,77,41
/ar/sourcing/food-processing-machinery-from-china/vegetable-processing-machinery/,آلات تجهيز الخضروات · توريد من الصين · تجهيز الأغذية | DDNZ Global,آلات تجهيز الخضروات · توريد من الصين | DDNZ,66,43
/fr/sourcing/restaurant-kitchen-packages-from-china/cloud-kitchen/,Achetez un ensemble de cuisine pour cuisine partagée de livraison en Chine | DDNZ,Achetez un kit pour cuisine partagée de livraison en Chine,81,58
/tr/sourcing/food-processing-machinery-from-china/dough-and-bakery-machinery/,Hamur ve fırıncılık makineleri · Çin’den tedarik · Gıda hazırlığı | DDNZ Global,Hamur ve fırıncılık makineleri · Çin’den tedarik | DDNZ,79,55
/es/sourcing/restaurant-kitchen-packages-from-china/cafe-light-meals/,Compre un conjunto de cocina para cafetería y comidas ligeras de China | DDNZ,Compre cocina para cafetería y comidas ligeras de China,77,55
/fr/sourcing/food-processing-machinery-from-china/dough-and-bakery-machinery/,Machines pour pâtes et boulangerie · Approvisionnement en Chine · Préparation alimentaire | DDNZ Global,Machines pour pâtes et boulangerie · Achat en Chine | DDNZ,103,58
/es/sourcing/food-processing-machinery-from-china/bean-rice-and-juice-machinery/,"Maquinaria para soja, arroz y jugos · Sourcing en China · Preparación de alimentos | DDNZ Global","Maquinaria para soja, arroz y jugos · Sourcing en China",96,55
/fr/screen-protectors/wholesale-for-stores/,Acheter en gros des protections d’écran en Chine pour les magasins | DDNZ,Protections de Chine en gros pour magasins,73,42
/tr/phone-cases/,Çin’den toptan telefon kılıfları: modeller ve minimumlar | DDNZ,Çin’den toptan telefon kılıfları: modeller ve minimumlar,63,56
/fr/screen-protectors/videos/,Acheter des protections en Chine : vidéos de production | DDNZ,Acheter des protections en Chine : vidéos de production,62,55
/ru/sourcing/food-processing-machinery-from-china/packages/bean-rice/,Купить комплект «Подготовка сои и риса» из Китая | DDNZ Global,Купить комплект «Подготовка сои и риса» из Китая | DDNZ,62,55
/es/sourcing/food-processing-machinery-from-china/packages/meat-prep/,Compre un conjunto de Preparación de carne de China | DDNZ Global,Compre un kit de Preparación de carne de China | DDNZ,65,53
/pt/sourcing/food-processing-machinery-from-china/bean-rice-and-juice-machinery/,"Máquinas para soja, arroz e sucos · Sourcing na China · Preparação de alimentos | DDNZ Global","Máquinas para soja, arroz e sucos · Sourcing na China | DDNZ",93,60
/tr/screen-protectors/guides/curved-glass/,"Çin’den 2.5D ve 3D ekran koruyucu alımı: şekil, işlem ve uyum | DDNZ",Çin’den 2.5D ve 3D ekran koruyucu alım rehberi,68,46
/pt/phone-cases/,Capas para celular da China no atacado: modelos e mínimos | DDNZ,Capas para celular da China no atacado: modelos e mínimos,64,57
/es/shipping-from-china-to-mexico/,Envíos de China a México | Transporte marítimo y entrega | DDNZ Global,Envíos de China a México | Transporte marítimo y entrega,70,56
/pt/services/dangerous-goods-shipping-from-china/,Transporte de cargas perigosas da China e fixação em contêiner | DDNZ Global,Cargas perigosas da China: frete e fixação,76,42
/ru/sourcing/food-processing-machinery-from-china/vegetable-processing-machinery/,Оборудование для подготовки овощей · Закупки в Китае · Подготовка продуктов | DDNZ Global,Оборудование для подготовки овощей · Закупки в Китае | DDNZ,89,59
/fr/sourcing/food-processing-machinery-from-china/vegetable-processing-machinery/,Machines de préparation de légumes · Approvisionnement en Chine · Préparation alimentaire | DDNZ Global,Machines de préparation de légumes · Achat en Chine | DDNZ,103,58
/es/shipping-from-china-to-ghana/,Envíos de China a Ghana | Tema y entrega en Acra | DDNZ Global,Envíos de China a Ghana | Tema y entrega en Acra | DDNZ,62,55
/tr/sourcing/restaurant-kitchen-packages-from-china/bakery-pastry/,Çin’den fırın ve pastane için mutfak ekipman paketi satın alın | DDNZ,Çin’den fırın ve pastane için mutfak paketi alın | DDNZ,69,55
/pt/sourcing/kitchen-equipment-for-distributors/,Compre equipamentos de cozinha da China para distribuição | DDNZ,Compre equipamentos de cozinha da China para distribuição,64,57
/pt/sourcing/restaurant-project-equipment/,Compre equipamentos para projetos de restaurantes da China | DDNZ,Compre equipamentos para projetos de restaurantes da China,65,58
/es/blog/puerto-chancay-aranceles-y-rutas-directas-guia-de-compra-para-importadores-latin/,Puerto de Chancay para importaciones desde China | DDNZ Global,Puerto de Chancay para importaciones desde China | DDNZ,62,55
/fr/screen-protectors/private-label/,Acheter des protections d’écran de marque propre en Chine | DDNZ,Acheter des protections d’écran de marque propre en Chine,64,57
/tr/sourcing/food-processing-machinery-from-china/packages/noodles/,Çin’den Hamur ve erişte hazırlığı ekipman paketi satın alın | DDNZ Global,Çin’den Hamur ve erişte hazırlığı ekipman seti alın | DDNZ,73,58
/es/screen-protectors/guides/price-differences/,Compre protectores de China: por qué varían los precios mayoristas | DDNZ,Protectores de China: comparar precios mayoristas,73,49
/ru/sourcing/restaurant-kitchen-packages-from-china/takeaway-qsr/,Купить комплект кухни «Еда навынос и быстрый сервис» из Китая | DDNZ,Купить кухню для фастфуда и еды навынос из Китая,68,48
/fr/sourcing/commercial-ice-machines-from-china/,Achetez des machines à glaçons professionnelles en Chine | DDNZ,Achetez des machines à glaçons professionnelles en Chine,63,56
/tr/sourcing/restaurant-kitchen-packages-from-china/casual-dining/,Çin’den günlük servis restoranı için mutfak ekipman paketi satın alın | DDNZ,Çin’den günlük servis restoranı için mutfak paketi alın,76,55
/fr/screen-protectors/guides/,Acheter des protections d’écran en Chine : guide des spécifications | DDNZ,Acheter des protections en Chine : guide technique,74,50
/es/services/lcl-shipping-from-china/,"Envíos LCL desde China | Costos, embalaje y entrega | DDNZ Global","Envíos LCL desde China | Costos, embalaje y entrega | DDNZ",65,58
/fr/services/dangerous-goods-shipping-from-china/,Transport de marchandises dangereuses depuis la Chine et arrimage | DDNZ Global,Fret dangereux de Chine et arrimage,79,35
/fr/sourcing/restaurant-kitchen-packages-from-china/cafe-light-meals/,Achetez un ensemble de cuisine pour café et petite restauration en Chine | DDNZ,Achetez un kit pour café et petite restauration en Chine,79,56
/tr/services/sea-freight/,Çin’den denizyolu taşımacılığı: her ayrıntı önemli | DDNZ Global,Çin’den denizyolu taşımacılığı: her ayrıntı önemli | DDNZ,64,57
/ru/sourcing/kitchen-equipment-for-distributors/,Купить кухонное оборудование оптом из Китая для дистрибуции | DDNZ,Купить кухонное оборудование оптом из Китая для дистрибуции,66,59
/es/sourcing/food-processing-machinery-from-china/meat-processing-machinery/,Maquinaria para procesar carne · Sourcing en China · Preparación de alimentos | DDNZ Global,Maquinaria para procesar carne · Sourcing en China | DDNZ,91,57
/fr/services/lcl-shipping-from-china/,Groupage maritime depuis la Chine : prévoir tout le trajet | DDNZ Global,Groupage maritime depuis la Chine : prévoir tout le trajet,72,58
/,China Sourcing & International Freight Forwarding | DDNZ Global,China Sourcing & International Freight Forwarding | DDNZ,63,56
/es/sourcing/restaurant-kitchen-packages-from-china/takeaway-qsr/,Compre un conjunto de cocina para comida para llevar y servicio rápido de China | DDNZ,Comprar cocina de China para comida rápida y para llevar,86,56
/tr/services/lcl-shipping-from-china/,Çin’den parsiyel denizyolu taşımacılığı: tüm süreci planlayın | DDNZ Global,Çin’den parsiyel denizyolu: navlun ve teslimat,75,46
/ar/screen-protectors/guides/curved-glass/,شراء واقيات 2.5D و3D من الصين: الشكل والعملية والملاءمة | DDNZ,شراء واقيات 2.5D و3D من الصين: الشكل والعملية والملاءمة,62,55
/es/screen-protectors/calculator/,Compra de protectores en China y coste puesto en destino | DDNZ,Compra de protectores en China y coste puesto en destino,63,56
/ru/sourcing/food-processing-machinery-from-china/bean-rice-and-juice-machinery/,"Оборудование для сои, риса и сока · Закупки в Китае · Подготовка продуктов | DDNZ Global","Оборудование для сои, риса и сока · Закупки в Китае | DDNZ",88,58
/ru/portable-power/selection-guide/,"Портативные электростанции: ёмкость, нагрузка и зарядка | DDNZ","Портативные электростанции: ёмкость, нагрузка и зарядка",62,55
/fr/sourcing/outdoor-products-from-china/,Approvisionnement en équipements de plein air en Chine | DDNZ Global,Approvisionnement en équipements de plein air en Chine,68,54
/ru/screen-protectors/guides/price-differences/,Купить защитные стёкла из Китая: почему оптовые цены различаются | DDNZ,Защитные стёкла из Китая: сравнение оптовых цен,71,47
/ru/services/dangerous-goods-shipping-from-china/,Перевозка опасных грузов из Китая и крепление в контейнере | DDNZ Global,Перевозка опасных грузов из Китая и крепление в контейнере,72,58
/es/get-a-quote/,Solicite una cotización de compras y transporte desde China | DDNZ,Solicite una cotización de compras y transporte desde China,66,59
/tr/sourcing/food-processing-machinery-from-china/meat-processing-machinery/,Et işleme makineleri · Çin’den tedarik · Gıda hazırlığı | DDNZ Global,Et işleme makineleri · Çin’den tedarik | DDNZ,69,45
/ru/sourcing/food-processing-machinery-from-china/,Купить оборудование для переработки продуктов из Китая | DDNZ Global,Купить оборудование для переработки продуктов из Китая,68,54
/tr/screen-protectors/guides/,Çin’den ekran koruyucu satın alma ve teknik özellik rehberi | DDNZ,Çin’den ekran koruyucu satın alma ve teknik özellik rehberi,66,59
/es/screen-protectors/guides/curved-glass/,"Compre protectores 2.5D y 3D de China: forma, proceso y ajuste | DDNZ",Comprar protectores 2.5D y 3D de China: guía,69,44
/pt/sourcing/restaurant-kitchen-packages-from-china/cloud-kitchen/,Compre um conjunto de cozinha para cozinha delivery compartilhada da China | DDNZ,Compre cozinha para cozinha delivery compartilhada da China,81,59
/fr/sourcing/food-processing-machinery-from-china/,Achetez des machines de transformation alimentaire en Chine | DDNZ Global,Achetez des machines de transformation alimentaire en Chine,73,59
/pt/shipping-from-china-to-uae/,Frete da China: destino Emirados Árabes Unidos. | DDNZ Global,Frete da China: destino Emirados Árabes Unidos. | DDNZ,61,54
/fr/portable-power/selection-guide/,"Stations électriques portables : capacité, appareils et recharge | DDNZ",Choisir une station électrique : capacité et recharge,71,53
/ru/sourcing/outdoor-products-from-china/,Закупка оборудования для отдыха на природе из Китая | DDNZ Global,Закупка оборудования для отдыха на природе из Китая | DDNZ,65,58
/tr/sourcing/restaurant-kitchen-packages-from-china/takeaway-qsr/,Çin’den paket servis ve hızlı servis için mutfak ekipman paketi satın alın | DDNZ,Çin’den paket servis ve hızlı servis için mutfak paketi alın,81,60
/pt/sourcing/commercial-kitchen-equipment-from-china/,Compra de equipamentos de cozinha comercial da China - DDNZ Global,Compra de equipamentos de cozinha comercial da China | DDNZ,66,59
/tr/sourcing/food-processing-machinery-from-china/packages/vegetables/,Çin’den Sebze hazırlığı ekipman paketi satın alın | DDNZ Global,Çin’den Sebze hazırlığı ekipman seti alın | DDNZ,63,48
/pt/screen-protectors/guides/curved-glass/,"Compre películas 2.5D e 3D da China: formato, processo e ajuste | DDNZ",Comprar películas 2.5D e 3D da China: guia,70,42
/ru/sourcing/restaurant-kitchen-packages-from-china/casual-dining/,Купить комплект кухни «Ресторан повседневного обслуживания» из Китая | DDNZ,Купить комплект кухни для ресторана из Китая,75,44
/fr/sourcing/food-processing-machinery-from-china/packages/noodles/,Achetez un ensemble « Pâtes et nouilles » en Chine | DDNZ Global,Achetez un kit « Pâtes et nouilles » en Chine | DDNZ,64,52
/es/sourcing/restaurant-kitchen-packages-from-china/casual-dining/,Compre un conjunto de cocina para restaurante informal de China | DDNZ,Compre cocina para restaurante informal de China | DDNZ,70,55
/ar/sourcing/restaurant-kitchen-packages-from-china/takeaway-qsr/,شراء مجموعة مطبخ الوجبات السريعة والطلبات الخارجية من الصين | DDNZ,شراء مجموعة مطبخ الوجبات السريعة والطلبات الخارجية من الصين,66,59
/pt/sourcing/food-processing-machinery-from-china/packages/meat-prep/,Compre uma combinação de Preparação de carnes da China | DDNZ Global,Compre um kit de Preparação de carnes da China | DDNZ,68,53
/es/sourcing/food-processing-machinery-from-china/,Compre maquinaria para procesar alimentos de China | DDNZ Global,Compre maquinaria para procesar alimentos de China | DDNZ,64,57
/fr/sourcing/commercial-electric-fryers-from-china/,Achetez des friteuses électriques professionnelles en Chine | DDNZ,Achetez des friteuses électriques professionnelles en Chine,66,59
/fr/sourcing/restaurant-kitchen-packages-from-china/takeaway-qsr/,Achetez un ensemble de cuisine pour vente à emporter et restauration rapide en Chine | DDNZ,Acheter une cuisine de Chine pour restauration rapide,91,53
/pt/sourcing/food-processing-machinery-from-china/vegetable-processing-machinery/,Máquinas para preparação de vegetais · Sourcing na China · Preparação de alimentos | DDNZ Global,Máquinas para preparação de vegetais · Sourcing na China,96,56
/ru/sourcing/food-processing-machinery-from-china/packages/bakery/,Купить комплект «Подготовка для пекарни» из Китая | DDNZ Global,Купить комплект «Подготовка для пекарни» из Китая | DDNZ,63,56
/sourcing/food-processing-machinery-from-china/packages/bean-rice/,Bean & rice preparation equipment package from China | DDNZ Global,Bean & rice equipment kit from China | DDNZ,66,43
/sourcing/food-processing-machinery-from-china/packages/bakery/,Bakery preparation equipment package from China | DDNZ Global,Bakery equipment kit from China | DDNZ,61,38
/tr/sourcing/restaurant-kitchen-packages-from-china/cafe-light-meals/,Çin’den kafe ve hafif yemek için mutfak ekipman paketi satın alın | DDNZ,Çin’den kafe ve hafif yemek için mutfak paketi alın | DDNZ,72,58
/tr/screen-protectors/guides/price-differences/,Çin’den ekran koruyucu satın alın: toptan fiyatlar neden farklı? | DDNZ,Çin ekran koruyucuları: toptan fiyat karşılaştırma,71,50
/pt/sourcing/restaurant-kitchen-packages-from-china/casual-dining/,Compre um conjunto de cozinha para restaurante casual da China | DDNZ,Compre cozinha para restaurante casual da China | DDNZ,69,54
/ar/screen-protectors/guides/price-differences/,شراء واقيات الشاشة من الصين: لماذا تختلف أسعار الجملة؟ | DDNZ,شراء واقيات الشاشة من الصين: لماذا تختلف أسعار الجملة؟,61,54
/fr/sourcing/restaurant-kitchen-packages-from-china/casual-dining/,Achetez un ensemble de cuisine pour restaurant décontracté en Chine | DDNZ,Achetez un kit pour restaurant décontracté en Chine | DDNZ,74,58
/pt/sourcing/food-processing-machinery-from-china/packages/noodles/,Compre uma combinação de Massas e macarrão da China | DDNZ Global,Compre um kit de Massas e macarrão da China | DDNZ,65,50
/shipping-from-china-to-nigeria/,Shipping from China to Nigeria | Lagos Wholesale Markets & Freight | DDNZ Global,Shipping from China to Nigeria | Lagos Freight | DDNZ,80,53
/ru/screen-protectors/guides/curved-glass/,"Купить стёкла 2.5D и 3D из Китая: форма, процесс и посадка | DDNZ","Купить стёкла 2.5D и 3D из Китая: форма, процесс и посадка",65,58
/pt/sourcing/food-processing-machinery-from-china/packages/bakery/,Compre uma combinação de Preparação para panificação da China | DDNZ Global,Compre um kit de Preparação para panificação da China | DDNZ,75,60
/fr/sourcing/food-processing-machinery-from-china/bean-rice-and-juice-machinery/,"Machines pour soja, riz et jus · Approvisionnement en Chine · Préparation alimentaire | DDNZ Global","Machines pour soja, riz et jus · Achat en Chine | DDNZ",99,54
/es/portable-power/selection-guide/,"Guía visual de energía portátil: capacidad, cargas y carga | DDNZ","Guía visual de energía portátil: capacidad, cargas y carga",65,58
/fr/sourcing/food-processing-machinery-from-china/packages/meat-prep/,Achetez un ensemble « Préparation de viande » en Chine | DDNZ Global,Achetez un kit « Préparation de viande » en Chine | DDNZ,68,56
/pt/sourcing/restaurant-kitchen-packages-from-china/,Compre conjuntos de cozinha para restaurantes da China | DDNZ,Compre conjuntos de cozinha para restaurantes da China,61,54
/blog/top-10-screen-protector-manufacturers-alibaba/,Top 10 Screen Protector Manufacturers on Alibaba… | DDNZ Global,Top 10 Screen Protector Manufacturers on Alibaba… | DDNZ,63,56
/sourcing/food-processing-machinery-from-china/packages/noodles/,Noodle & dough preparation equipment package from China | DDNZ Global,Noodle & dough equipment kit from China | DDNZ,69,46
/fr/screen-protectors/compare/,Comparer les protections d’écran en gros de Chine | DDNZ Global,Comparer les protections d’écran en gros de Chine | DDNZ,63,56
/fr/refrigeration-equipment/,Achetez du matériel frigorifique professionnel en Chine | DDNZ,Achetez du matériel frigorifique professionnel en Chine,62,55
/tr/sourcing/kitchen-equipment-for-distributors/,Distribütörler için Çin’den toptan mutfak ekipmanı tedariki | DDNZ,Distribütörler için Çin’den toptan mutfak ekipmanı tedariki,66,59
/pt/sourcing/food-processing-machinery-from-china/packages/vegetables/,Compre uma combinação de Preparação de vegetais da China | DDNZ Global,Compre um kit de Preparação de vegetais da China | DDNZ,70,55
/tr/shipping-from-china-to-uae/,Çin çıkışlı yük taşımacılığı: Birleşik Arap Emirlikleri. | DDNZ Global,Çin çıkışlı yük taşımacılığı: Birleşik Arap Emirlikleri.,70,56
/shipping-from-china-to-uae/,Shipping from China to UAE | Sea Freight & Delivery | DDNZ Global,Shipping from China to UAE | Sea Freight & Delivery | DDNZ,65,58
/blog/magsafe-ring-stand-sourcing-four-sample-comparison/,We Tested Four Magnetic Ring Stands. Price Was… | DDNZ Global,We Tested Four Magnetic Ring Stands. Price Was… | DDNZ,61,54
/shipping-from-china-to-central-asia/,Shipping from China to Central Asia and Russia. | DDNZ Global,Shipping from China to Central Asia and Russia. | DDNZ,61,54
/es/sourcing/restaurant-kitchen-packages-from-china/cloud-kitchen/,Compre un conjunto de cocina para cocina compartida de reparto de China | DDNZ,Compre cocina para cocina compartida de reparto de China,78,56
/ru/screen-protectors/calculator/,Закупка защитных стёкол в Китае и расчёт стоимости доставки | DDNZ,Закупка защитных стёкол в Китае и расчёт стоимости доставки,66,59
/pt/refrigeration-equipment/,Compre equipamentos de refrigeração comercial da China | DDNZ,Compre equipamentos de refrigeração comercial da China,61,54
/pt/sourcing/restaurant-kitchen-packages-from-china/cafe-light-meals/,Compre um conjunto de cozinha para café e refeições leves da China | DDNZ,Compre cozinha para café e refeições leves da China | DDNZ,73,58
/sourcing/commercial-electric-fryers-from-china/,Commercial Electric Fryers from China: 10L & Twin Tank | DDNZ,Commercial Electric Fryers from China: 10L & Twin Tank,61,54
/tr/sourcing/food-processing-machinery-from-china/vegetable-processing-machinery/,Sebze hazırlama makineleri · Çin’den tedarik · Gıda hazırlığı | DDNZ Global,Sebze hazırlama makineleri · Çin’den tedarik | DDNZ,75,51
/pt/screen-protectors/guides/price-differences/,Compre películas da China: por que os preços no atacado variam? | DDNZ,Películas da China: comparar preços no atacado,70,46
/fr/services/sea-freight/,Fret maritime depuis la Chine : chaque détail compte | DDNZ Global,Fret maritime depuis la Chine : chaque détail compte | DDNZ,66,59
/es/sourcing/food-processing-machinery-from-china/packages/vegetables/,Compre un conjunto de Preparación de verduras de China | DDNZ Global,Compre un kit de Preparación de verduras de China | DDNZ,68,56
/ru/sourcing/food-processing-machinery-from-china/dough-and-bakery-machinery/,Оборудование для теста и выпечки · Закупки в Китае · Подготовка продуктов | DDNZ Global,Оборудование для теста и выпечки · Закупки в Китае | DDNZ,87,57
/pt/sourcing/restaurant-kitchen-packages-from-china/bakery-pastry/,Compre um conjunto de cozinha para padaria e confeitaria da China | DDNZ,Compre cozinha para padaria e confeitaria da China | DDNZ,72,57
/ru/services/sea-freight/,Морские перевозки из Китая: важна каждая деталь | DDNZ Global,Морские перевозки из Китая: важна каждая деталь | DDNZ,61,54
/fr/sourcing/commercial-kitchen-equipment-from-china/,Approvisionnement en équipement de cuisine commerciale de la Chine,Acheter du matériel de cuisine professionnel en Chine,66,53
/pt/sourcing/food-processing-machinery-from-china/packages/bean-rice/,Compre uma combinação de Preparação de soja e arroz da China | DDNZ Global,Compre um kit de Preparação de soja e arroz da China | DDNZ,74,59
/fr/sourcing/kitchen-equipment-for-distributors/,Acheter en gros des équipements de cuisine en Chine pour la distribution | DDNZ,Acheter en Chine : cuisines en gros pour distributeurs,79,54
/fr/sourcing/restaurant-project-equipment/,Acheter des équipements de projets de restauration en Chine | DDNZ,Acheter des équipements de projets de restauration en Chine,66,59
/ru/screen-protectors/guides/,Купить защитные стёкла из Китая: руководство по характеристикам | DDNZ,Купить защитные стёкла из Китая: технический гид,70,48
/ru/sourcing/restaurant-kitchen-packages-from-china/bakery-pastry/,Купить комплект кухни «Пекарня и кондитерская» из Китая | DDNZ,Купить комплект кухни «Пекарня и кондитерская» из Китая,62,55
/fr/shipping-from-china-to-central-asia/,Expédier de Chine vers l’Asie centrale et la Russie. | DDNZ Global,Expédier de Chine vers l’Asie centrale et la Russie. | DDNZ,66,59
/es/shipping-from-china-to-nigeria/,Envíos de China a Nigeria | Mercados mayoristas de Lagos | DDNZ Global,Envíos de China a Nigeria | Mercados mayoristas de Lagos,70,56
/tr/sourcing/restaurant-kitchen-packages-from-china/cloud-kitchen/,Çin’den ortak paket servis mutfağı için mutfak ekipman paketi satın alın | DDNZ,Çin’den ortak paket servis mutfağı için mutfak paketi alın,79,58
/ar/sourcing/food-processing-machinery-from-china/bean-rice-and-juice-machinery/,آلات الصويا والأرز والعصائر · توريد من الصين · تجهيز الأغذية | DDNZ Global,آلات الصويا والأرز والعصائر · توريد من الصين | DDNZ,74,51
/ar/sourcing/food-processing-machinery-from-china/dough-and-bakery-machinery/,آلات العجين والمخبوزات · توريد من الصين · تجهيز الأغذية | DDNZ Global,آلات العجين والمخبوزات · توريد من الصين | DDNZ,69,46
/sourcing/restaurant-kitchen-packages-from-china/,Restaurant Kitchen Packages from China | Layout + Equipment | DDNZ,Restaurant Kitchen Packages from China | Layout + Equipment,66,59
/es/sourcing/restaurant-kitchen-packages-from-china/bakery-pastry/,Compre un conjunto de cocina para panadería y pastelería de China | DDNZ,Compre cocina para panadería y pastelería de China | DDNZ,72,57
/sourcing/food-processing-machinery-from-china/packages/vegetables/,Vegetable preparation equipment package from China | DDNZ Global,Vegetable equipment kit from China | DDNZ,64,41
/es/services/sea-freight/,"Transporte marítimo desde China | FCL, LCL y carga | DDNZ Global","Transporte marítimo desde China | FCL, LCL y carga | DDNZ",64,57
/pt/sourcing/food-processing-machinery-from-china/meat-processing-machinery/,Máquinas para processamento de carnes · Sourcing na China · Preparação de alimentos | DDNZ Global,Máquinas de carnes · Sourcing na China | DDNZ,97,45
/blog/cheap-speakers-china-african-trader-verification/,Cheap China Speakers: African Trader Verification | DDNZ Global,Cheap China Speakers: African Trader Verification | DDNZ,63,56
/blog/regulatory-compliance-alert-complete-sop-and-new-2026-mandates-for-china-nev-exp/,Exporting Pure Electric Passenger Vehicles from… | DDNZ Global,Exporting Pure Electric Passenger Vehicles from… | DDNZ,62,55
/es/sourcing/food-processing-machinery-from-china/vegetable-processing-machinery/,Maquinaria para preparar verduras · Sourcing en China · Preparación de alimentos | DDNZ Global,Maquinaria para preparar verduras · Sourcing en China | DDNZ,94,60
/fr/sourcing/food-processing-machinery-from-china/packages/vegetables/,Achetez un ensemble « Préparation de légumes » en Chine | DDNZ Global,Achetez un kit « Préparation de légumes » en Chine | DDNZ,69,57
/tr/sourcing/food-processing-machinery-from-china/packages/bakery/,Çin’den Fırıncılık hazırlığı ekipman paketi satın alın | DDNZ Global,Çin’den Fırıncılık hazırlığı ekipman seti alın | DDNZ,68,53
/es/sourcing/food-processing-machinery-from-china/packages/meatballs/,Compre un conjunto de Preparación de albóndigas de China | DDNZ Global,Compre un kit de Preparación de albóndigas de China | DDNZ,70,58
/ru/services/lcl-shipping-from-china/,Сборные морские грузы из Китая: планируйте весь путь | DDNZ Global,Сборные морские грузы из Китая: планируйте весь путь | DDNZ,66,59
/pt/sourcing/food-processing-machinery-from-china/dough-and-bakery-machinery/,Máquinas para massas e panificação · Sourcing na China · Preparação de alimentos | DDNZ Global,Máquinas para massas e panificação · Sourcing na China,94,54
/ru/sourcing/food-processing-machinery-from-china/meat-processing-machinery/,Оборудование для переработки мяса · Закупки в Китае · Подготовка продуктов | DDNZ Global,Оборудование для переработки мяса · Закупки в Китае | DDNZ,88,58
/tr/sourcing/food-processing-machinery-from-china/bean-rice-and-juice-machinery/,"Soya, pirinç ve meyve suyu makineleri · Çin’den tedarik · Gıda hazırlığı | DDNZ Global","Soya, pirinç ve meyve suyu makineleri · Çin’den tedarik",86,55
/pt/screen-protectors/compare/,Comparar películas de proteção da China no atacado | DDNZ Global,Comparar películas de proteção da China no atacado | DDNZ,64,57
/fr/sourcing/food-processing-machinery-from-china/packages/bean-rice/,Achetez un ensemble « Préparation du soja et du riz » en Chine | DDNZ Global,Achetez un kit « Préparation du soja et du riz » en Chine,76,57
/ar/sourcing/food-processing-machinery-from-china/meat-processing-machinery/,آلات تجهيز اللحوم · توريد من الصين · تجهيز الأغذية | DDNZ Global,آلات تجهيز اللحوم · توريد من الصين | DDNZ,64,41
/pt/sourcing/outdoor-products-from-china/,Compra de equipamentos para atividades ao ar livre na China | DDNZ Global,Compra de equipamentos para atividades ao ar livre na China,73,59
/tr/screen-protectors/wholesale-for-stores/,Mağazalar için Çin’den toptan ekran koruyucu satın alın | DDNZ,Mağazalar için Çin’den toptan ekran koruyucu satın alın,62,55
